seq	headword	page	best_source_file	best_backup_seq	best_backup_headword	best_match_type	candidate_count	snippet
1	哎哟	1				example_contains	0	
2	挨	1	0251-0500.md	394	当逸	example_contains	34	## 0394. 当逸  - ピンイン: dāng yì - 例文:   - 他当逸了新一届怠銃。   - 誰也没想到他会当逃。   - 姪辻逃拳， 他高票当逸了ﾉｰｰ院。   - 祝彌悠当逸力新校挨。   - 他只差一票没有 当逸上系主任。   - 他ｲ､都是新当逸的学生会成員。 - 例文ピンイン:   - tā dāng yì le xīn yī jiè dài chòng.   - shuí yě méi xiǎng dào tā huì dāng táo.   - z
3	癌症	1	1001-1250.md	1178	扩散	example_contains	3	## 1178. 扩散  - ピンイン: kuò sàn - 例文:   - 速秤灌言〃散出去ﾇ寸我ｲ'.]根不利。   - 医院叔级采取措施，防止 病情＃散。   - 他的癌症出現了才散，狼唯治行了。   - 没想到这秤 病蟇ガ散得遠公快。   - 消息如果ガ散出去，就不会有人来根名了。 - 例文ピンイン:   - sù chèng guàn yán 〃 sàn chū qù ﾇ cùn wǒ ｲ'.] gēn bù lì 。   - yī yuàn shū jí cǎi 
4	爱不释手	1				example_contains	0	
5	爱戴	2				example_contains	0	
6	暧昧	2				example_contains	0	
7	安居乐业	2	3251-3500.md	2500	制止	example_contains	3	## 2500. 制止  - ピンイン: zhìzhǐ - 例文:   - 我们应该制止战争，维护和平   - 家长及时制止了孩于的不良行为   - 这场纠纷后来被警察制止了   - 他要在公共场合抽烟，被大家制止住了   - 有人还想提问，但主持人做了一个制止的动作   - 这座城市的治安非常好，貌晕率很低   - 他们的工作是维护地区的治安，减少不法事件发生   - 社会治安情况好，人民才能安居乐业   - 你晚上尽量少出去，听说那儿的治安不太好 - 例文ピンイン:   
68	报销	19	0001-0250.md	192	财务	example_contains	1	## 0192. 财务  - ピンイン: cáiwù - 例文:   - 公司在制定明年的财务计划。   - 这笔账要到财务部报销。   - 各部门的收入由财务统一管理。   - 他是负责财务的工作人员。   - 我们只能按照财务规定办理。 - 例文ピンイン:   - gōngsī zài zhìdìng míngnián de cáiwù jìhuà.   - zhè bǐ zhàng yào dào cáiwù bù bàoxiāo.   - gè bùmén de sh
69	抱负	20	2251-2500.md	2050	先进	example_contains	1	## 2050. 先进  - ピンイン: xiānjìn - 例文:   - 这些设备都是国际上最先进的   - 他各方面表现都很好，被学校评为了先进教师   - 他们的思想都很先进，有远大的抱负   - 他们已经掌握了最先进的技术   - 他是今年工厂的先进   - 我们要向先进学习   - 今年评比先进，你肯定没问题   - 他们人人争当先进，工作非常积极   - 大家要向先进看齐，做好自己的工作 - 例文ピンイン:   - zhè xiē shè bèi dōu shì
70	抱怨	20	0251-0500.md	282	返鈍	example_contains	3	## 0282. 返鈍  - ピンイン: fǎn dùn - 例文:   - 他党得自己老了，反皮也越来越返鈍了。   - 美国一价研究扱告 指出，失脳返鈍的ﾉし童有75％是由子貧困而声生的。   - 吃得辻飽 容易引起氾!I乙力下降、思雄返鈍、注意力不集中等症状。   - 蛋然姪 辻了治行，但他的反皮逐是恨返純。   - 他常常抱怨自己返鈍，反皮 比別人慢半柏。 - 例文ピンイン:   - tā dǎng dé zì jǐ lǎo le ， fǎn pí yě yuè lá
71	暴力	20	0751-1000.md	975	践踏	example_contains	8	## 0975. 践踏  - ピンイン: jiàntà - 例文:   - 不要践踏花草。   - 这片农田被羊群践踏了。   - 草坪已被践踏得看不见草了。   - 那里发生了拥挤践踏事件，死伤一百多人。   - 比喻用暴力欺压、破坏：摧残法律是庄严的，不允许任何人践踏。   - 侵略者在别国领土上肆。 - 例文ピンイン:   - bú yào jiàn tà huā cǎo。   - zhè piàn nóng tián bèi yáng qún jiàn tà le。 
112	边界	32	2501-2750.md	2183	巡逻	example_contains	1	## 2183. 巡逻 - ピンイン: xúnluó - 例文:   - 战士们每天在边界进行巡逻。   - 他们在巡逻中发现了这个可疑的人。   - 晚上他们派人值班，定期巡逻。这是重要的军事基地，每天都有人巡逻。飞机不停地在空中巡逻。   - 活动期间，警察出动巡逻车的次数增加了很多。   - 循环循序渐进607题 - 例文ピンイン:   - zhàn shì men měi tiān zài biān jiè jìn xíng xún luó 。   - tā men 
113	边境	32				example_contains	0	
114	边缘	33				example_contains	0	
115	编织	33				example_contains	0	
116	鞭策	33				example_contains	0	
117	贬低	33				example_contains	0	
118	贬义	34				example_contains	0	
119	扁	34	0501-0750.md	532	发炎	example_contains	1	## 0532. 发炎  - ピンイン: fāyán - 例文:   - 我嗓子发炎了，很痒。   - 扁桃体要及时处理，防止发炎。   - 他的眼睛又肿又痛，肯定是发炎了。   - 他的肺部已经发炎了，常要住院治疗。   - 这几天雾霾严重，很多人喉咙发炎了。 - 例文ピンイン:   - wǒ sǎngzi fāyán le, hěn yǎng.   - biǎntáotǐ yào jíshí chǔlǐ, fángzhǐ fāyán.   - tā de yǎnjīng 
120	变故	34				example_contains	0	
121	变迁	34				example_contains	0	
122	变质	35				example_contains	0	
123	便利	35	2001-2250.md	1911	投机	example_contains	3	## 1911. 投机  - ピンイン: tóu jī - 例文:   - ~~~~~~~~~~~~~~~~~~~~~~~~~~~~~~~~~~~~~~~~~~~~~~~~~~~~~~~~~~~~~~~~~~~~~~~~~~~~~~~~~~~~ ③大家在一起有坑有笑，非常投机。   - 我ｲi]看法一致，聯得ｲ艮投 机。   - 他ｲ   - ､]価一凡面就覚得投机得ｲ艮・   - 我眼他説不到一起，完 全不投机。 ③他裳投机嫌了不少桟。le看到有机会利用取秀便利投机，他打 
124	便条	35				example_contains	0	
125	便于	35				example_contains	0	
126	遍布	36				example_contains	0	
127	辨认	36				example_contains	0	
128	辩护	36				example_contains	0	
129	辩解	36	0001-0250.md	210	苍白	example_contains	2	## 0210. 苍白  - ピンイン: cāngbái - 例文:   - 他的脸色很苍白，好像生病了。   - 苍白的灯光下，他显得很孤独。   - 这场突发事故把他吓得面色苍白。   - 他的脸色苍白，不知道说什么好。   - 简单的说教显得苍白无力。   - 他的辩解在事实面前显得很苍白。   - 再多的华丽词语，也掩盖不了内容的苍白。   - 这篇文章感情色彩不浓厚，文字也显得很苍白。 - 例文ピンイン:   - tā de liǎnsè hěn cāngbái, 
130	辩证	37	0751-1000.md	906	极端	example_contains	1	## 0906. 极端  - ピンイン: jíduān - 例文:   - 这两天的温度已经到了极端，不会再热了。   - 他的观点从一个极端走向了另一个极端。   - 他说话总是走极端，把好的说得特别好，坏的说得特别坏。   - 他对这件事极端不负责任。   - 他的观点太极端了，我不能同意。   - 看问题不能那么极端，应该辩证一些。   - 他们是极端保守的一派，很多人并不支持他们。   - 很多国家的人民都经历过一段极端贫穷的日子。 - 例文ピンイン:   - zhè
131	辫子	37				example_contains	0	
132	标本	37	0001-0250.md	198	采集	example_contains	1	## 0198. 采集  - ピンイン: cǎijí - 例文:   - 他采集了很多植物标本。   - 我采集了一些石头的样本回来。   - 他利用网络采集了大量销售信息。   - 在古代，一般妇女负责采集果实，男人负责打猎。   - 他到处去采集民歌，回来后整理、创作。 - 例文ピンイン:   - tā cǎijí le hěn duō zhíwù biāoběn.   - wǒ cǎijí le yìxiē shítou de yàngběn huí lái.   - 
133	标记	37				example_contains	0	
134	标题	38				example_contains	0	
135	飙升	38				example_contains	0	
136	表决	38	3501-3750.md	1912	投票	example_contains	5	## 1912. 投票  - ピンイン: tóupiào - 例文:   - 〈劫＞逸挙，通泣汁算逸票数量的方式决定被逸挙人表决波案 ②送次逸挙我ｲi]都投票了。   - 姪辻投票，他以70%的得票率荻 腔，成力了新一届的国家忌铳。   - 不知道力什公，他没参加远次投 票。   - '＠我圦力他有能力，所以投了他一票。   - 毎小人只能投一票。   - ﾇﾅ远次改革，我投养成票。 9 - 例文ピンイン:   - 〈jié＞yìjǔ，tōngqìzhīsuànyìpiàos
137	表态	38	0751-1000.md	1012	截止	example_contains	1	## 1012. 截止  - ピンイン: jiézhǐ - 例文:   - 比赛报名日期将于本月25日截止。   - 截止到今天，我们仍然没有收到上海队的报名材料。   - 截止到目前，他们还没有任何表态。   - 文件提交的截止日期是8月。   - 日。   - 自投标文件发出之日起到投标文件截止之日，最短不得少于20天。   - 报名日期很快就截止了，你们抓紧时间吧。 - 例文ピンイン:   - bǐ sài bào míng rì qī jiāng yú běn yuè
138	表彰	39	0751-1000.md	968	见义勇为	example_contains	2	## 0968. 见义勇为  - ピンイン: jiànyìyǒngwéi - 例文:   - 他见义勇为的行为感动了大家。   - 他是个见义勇为的英雄。   - 这种见义勇为的举动吓坏了那个小偷。   - 他因为见义勇为受到了表彰。   - 当时没什么害怕的，谁碰到这种情况都会见义勇为的。 - 例文ピンイン:   - tā jiàn yì yǒng wéi de xíng wéi gǎn dòng le dà jiā。   - tā shì gè jiàn yì yǒng 
139	憋	39				example_contains	0	
140	别墅	39	0501-0750.md	524	发财	example_contains	1	## 0524. 发财  - ピンイン: fācái - 例文:   - 他这些年开公司发财了。   - 他发财以后，买了很多套房子。   - 他总梦想着有一天能发财而不努力工作。   - 他不希望发多大财，只希望过平静的生活。   - 他发了一笔大财，买上了汽车和别墅。 - 例文ピンイン:   - tā zhèxiē nián kāi gōngsī fācái le.   - tā fācái yǐhòu, mǎi le hěn duō tào fángzi.   - tā
141	别致	39	0001-0250.md	224	层次	example_contains	1	## 0224. 层次  - ピンイン: céngcì - 例文:   - 不同年龄层次的人，想法也会不同。   - 文章的层次分明，逻辑性强。   - 我不会接触那些低层次的人。   - 这些有层次的建筑，显得非常别致。   - 两国进行了高层次的接触和会谈。 - 例文ピンイン:   - bùtóng niánlíng céngcì de rén, xiǎngfǎ yě huì bùtóng.   - wénzhāng de céngcì fēnmíng, luójíxìn
142	别扭	40				example_contains	0	
143	濒临	40				example_contains	0	
144	冰雹	40				example_contains	0	
145	丙	40	0251-0500.md	292	重畳	example_contains	27	## 0292. 重畳  - ピンイン: zhòng dié - 例文:   - 丙座山重畳交錯在一起。   - 遠小机杓在功能上身那小机杓重畳 了。   - 丙張相片重畳在一起，他以力是一張。   - 小弦ル把両又手 重畳在一起，倣成鶴子で的形状。 - 例文ピンイン:   - bǐng zuò shān zhòng dié jiāo cuò zài yì qǐ.   - yuǎn xiǎo jī biāo zài gōng néng shàng shēn nà xiǎo j
146	并存	41				example_contains	0	
147	并非	41				example_contains	0	
148	并列	41				example_contains	0	
149	拨	41	2251-2500.md	1890	挑拔	example_contains	2	## 1890. 挑拔  - ピンイン: tiāobá - 例文:   - 他在挑拨我们的关系，不要上当   - 他挑拨得公司内部很不团结   - 他为什么总是挑拨是非   - 我们的感情很深，谁也挑拨不了   - 你不要相信别人的挑拔 - 例文ピンイン:   - tā zài tiǎo bō wǒ men de guān xì， bú yào shàng dàng   - tā tiǎo bō dé gōng sī nèi bù hěn bù tuán jié   - tā
150	波浪	42	2251-2500.md	2053	掀起	example_contains	3	## 2053. 掀起  - ピンイン: xiānqǐ - 例文:   - 他掀起盖子一看，里面什么都没有   - 他掀起了姑娘头上的布，看清了她的模样   - 他掀起被子就往外跑   - 工人们掀起井盖，下到井中工作   - 海上掀起一阵阵浪花   - 海风一吹，掀起巨大的波浪   - 湖水起了波涛，一场大雨就要来临了   - 汽车经过的时候，掀起一阵风   - 进入上世纪80.年代后，中国掀起了改革的浪潮   - 当时曾经掀起了一场技术革命   - 他们掀起了一场罢工运动
151	波涛	42	2251-2500.md	2053	掀起	example_contains	1	## 2053. 掀起  - ピンイン: xiānqǐ - 例文:   - 他掀起盖子一看，里面什么都没有   - 他掀起了姑娘头上的布，看清了她的模样   - 他掀起被子就往外跑   - 工人们掀起井盖，下到井中工作   - 海上掀起一阵阵浪花   - 海风一吹，掀起巨大的波浪   - 湖水起了波涛，一场大雨就要来临了   - 汽车经过的时候，掀起一阵风   - 进入上世纪80.年代后，中国掀起了改革的浪潮   - 当时曾经掀起了一场技术革命   - 他们掀起了一场罢工运动
152	剥削	42	2501-2750.md	2190	压榨	example_contains	1	## 2190. 压榨 - ピンイン: yāzhà - 例文:   - 我们压榨了三斤花生油。   - 他把西瓜压榨成了汁。   - 这是经过粉碎、压榨程序制成的产品。这些大豆很快就被压榨出油了。   - 比喻残酷地剥削这些民工受到了这个包工头的压榨。   - 封建社会，统治者残酷地压榨劳动人民。   - 他们指责有些国家企图通过增加工作时间来压榨消费者。他们再也受不了压榨，终于开始反抗了。 - 例文ピンイン:   - wǒ men yā zhà le sān jīn huā
153	播放	43	1001-1250.md	1065	镜头	example_contains	6	## 1065. 镜头  - ピンイン: jìng tóu - 例文:   - 渚大家看鏡夫。   - 鏡失肱了，咳清洗了。   - 我忘了打升鏡失 孟ル。   - 氾者的鏡失ﾇﾅ准了他。 ②照相攝取的一十画面 ③屯祝里播放的是他出坊的凡小鏡失。 - 例文ピンイン:   - zhǔ dà jiā kàn jìng fū 。   - jìng shī gōng le ， ké qīng xǐ le 。   - wǒ wàng le dǎ shēng jìng shī   mèn
154	播种	43	3001-3250.md	2522	种子(種子)	example_contains	2	## 2522. 种子(種子)  - ピンイン: zhǒng zi(zhǒng zi) - 例文:   - 过了几天，种子就发芽了。「他们在精选种子，准备播种时   - 用。   - 植物的种子各式各样的。种子的储存是有一定条件的。 - 例文ピンイン:   - guò le jǐ tiān，zhǒng zi jiù fā yá le。「tā men zài jīng xuǎn zhǒng zi，zhǔn bèi bō zhǒng shí   - yòng。   - zhí w
155	伯母	43				example_contains	0	
156	博大精深	43				example_contains	0	
238	颤抖	65				example_contains	0	
239	昌盛	65				example_contains	0	
240	猖狂	66				example_contains	0	
241	尝试	66				example_contains	0	
242	常年	66	0001-0250.md	87	奔波	example_contains	7	## 0087. 奔波  - ピンイン: bēnbō - 例文:   - 为了生活，他四处奔波。   - 他奔波了一年，什么也没得到。   - 一年过去了，我们奔波在模特公司和广告公司之间。   - 经过这两年的奔波，我感觉有些疲倦。   - 他常年在外奔波，身体出现了一些问题。 - 例文ピンイン:   - wèile shēnghuó, tā sìchù bēnbō.   - tā bēnbō le yì nián, shénme yě méi dédào.   - yì 
243	常务	66	2251-2500.md	2023	务实	example_contains	1	## 2023. 务实  - ピンイン: wùshí - 例文:   - 他是一位很务实的人   - 他这种务实的作风得到了大家的赞扬   - 本着务实的精神，他谈了三点计划   - 这位领导非常务实，做了很多具体工作   - 他的问题就是说得多做得少，不够务实 - 例文ピンイン:   - tā shì yī wèi hěn wù shí de rén   - tā zhè zhǒng wù shí de zuò fēng dé dào le dà jiā de zàn yá
244	偿还	67	3501-3750.md	1856	计偿还偿	example_contains	1	## 1856. 计偿还偿  - ピンイン: jìchánghuáncháng - 例文:   - 、他根会付价述价， 省了不少銭。   - 我都快赔了，休就不要汁价込价了。   - 糸西，可以汁价逐价。 ②比愉淡判或接受任各时洪条件 ①美子交货时同，双方述在时价込价。   - 在原则I可题上不能时价 込价。   - le他没有痛快答厘的时候，毎次都要时价逐价。   - 返去汁价迩价，淡判就不会有姑果。 - 例文ピンイン:   - 、tāgēnhuìfùjiàshùjià， 
245	场合	67	0501-0750.md	616	夫人	example_contains	5	## 0616. 夫人  - ピンイン: fū rén - 例文:   - ＜名＞対妻子的尊称（用干正式场合）   - ⑪’怠銃及夫人参汎了迄座学校   - 遠次活劫可以携帯夫人参加   - 固迩篤慈职驚｡'⑳…-下~……” - 例文ピンイン:   - ＜ míng ＞ duì qī zǐ de zūn chēng （ yòng gàn zhèng shì chǎng hé ）   - ⑪’ dài chòng jí fū rén cān fàn le qì zuò xué 
246	场面	67	0001-0250.md	206	残忍	example_contains	17	## 0206. 残忍  - ピンイン: cánrěn - 例文:   - 他被敌人残忍地杀害了。   - 敌人用非常残忍的手段折磨他。   - 动物之间的争斗有时候很残忍。   - 这种残忍的场面让人感到震惊。   - 这个不孝的心肠实在太残忍了。 - 例文ピンイン:   - tā bèi dírén cánrěn de shāhài le.   - dírén yòng fēicháng cánrěn de shǒuduàn zhémó tā.   - dòngwù zh
247	场所	67	0001-0250.md	216	嘈杂	example_contains	9	## 0216. 嘈杂  - ピンイン: cáozá - 例文:   - 屋里声音嘈杂，什么也听不清。   - 他就生活在这片嘈杂的闹市区。   - 他随时都会睡着，即使在这种嘈杂的场所。   - 外面嘈杂的声音吵得他无法入睡。   - 街上传来了一阵嘈杂、刺耳的声音。 - 例文ピンイン:   - wū lǐ shēngyīn cáozá, shénme yě tīng bù qīng.   - tā jiù shēnghuó zài zhè piàn cáozá de nà
248	敞开	68				example_contains	0	
249	畅通	68	1751-2000.md	1575	渠道	example_contains	2	## 1575. 渠道  - ピンイン: qú dào - 例文:   - 这条渠道是为从密云水库引水到城区而修建的。   - 每年冬天都要修整渠道。   - 宽阔的渠道非常美丽。   - 渠道的两岸绿树成荫。   - 途径、门路这个单位的民主渠道很畅通，言论非常自由。   - 我们要扩大商品流通的渠道。   - 公司正在开会讨论广开新渠道的模式。 - 例文ピンイン:   - zhè tiáo qú dào shì wèi cóng mì yún shuǐ kù yǐn sh
250	畅销	68	0751-1000.md	1029	锦上添花	example_contains	9	## 1029. 锦上添花  - ピンイン: jǐnshàngtiānhuā - 例文:   - 这些原本畅销的产品再加以宣传，可以起到锦上添花的作用。   - 老师对这篇优秀论文做了补充，真是锦上添花。   - 刘红在最后一天的比赛中锦上添花，又为中国队夺得了一枚金牌。   - 雕塑进一步美化了这座美丽的城市，犹如锦上添花。   - 我们不仅要做锦上添花的事情，更要做雪中送炭的事情。 - 例文ピンイン:   - zhè xiē yuán běn chàng xiāo de 
258	嘲笑	70				example_contains	0	
278	成员	76	2251-2500.md	1884	条约	example_contains	2	## 1884. 条约  - ピンイン: tiáoyuē - 例文:   - 两国签订了经济合作条约   - 有关国家同意签订和平友好条约   - 这是一个不平等条约，我们不能接受   - 条约内容规定，互相尊重对方领土完整   - 以前签订的那些条约现在还有效   - 他很会调和家庭成员之间的关系   - 他们之间矛盾太深，根本无法调和   - 他们吵架了，你去调和一下吧   - 他们之间的问题我恐怕调和不了   - 经过我的耐心调和，他们总算是不了 - 例文ピンイン:  
279	呈现	76	3001-3250.md	2434	阵地	example_contains	3	## 2434. 阵地  - ピンイン: zhèn dì(zhèn dì) - 例文:   - 敌人的阵地被我军占领了。「战士们顽强地坚守着阵地，等待   - 增援部队。「我方终于攻破了敌人的阵地。   - 敌人阵地上的情况。   - 比喻某些重要的工作领域   - 文艺阵地呈现出一派繁荣景象。我们要巩固思想阵地，让青   - 少年树立远大的理想和人生目标。   - 学校要做好教育阵地的各项工   - 作。1我们要占领正面宣传的阵地，引导青少年积极向上。 - 例文ピンイン: 
280	诚挚	76				example_contains	0	
281	承办	77				example_contains	0	
290	橙	79				example_contains	0	
295	迟钝	80				example_contains	0	
297	迟疑	81				example_contains	0	
303	充实	82				example_contains	0	
305	冲动	83	0751-1000.md	830	呼吁	example_contains	4	## 0830. 呼吁  - ピンイン: hūyù - 例文:   - 我们呼吁双方保持冷静，避免冲动。   - 我们强烈呼吁有关部门重视群众意见。   - 关于这里的环境保护问题，我们呼吁过很多次了。   - 他呼吁家长们重视孩子的心理健康。   - 政府发出呼吁，希望人们积极参加这次活动。 - 例文ピンイン:   - wǒ men hū yù shuāng fāng bǎo chí lěng jìng， bì miǎn chōng dòng。   - wǒ men qiá
306	冲击	83	2251-2500.md	1996	问世	example_contains	2	## 1996. 问世  - ピンイン: wènshì - 例文:   - 小说刚一问世，就引起了很大反响   - 他的著作已经于上个月问世了   - 我们期待已久的作品终于问世了   - 这种电脑刚问世一个月就卖光了   - 新产品的问世，给市场带来了不小的冲击 - 例文ピンイン:   - xiǎo shuō gāng yī wèn shì， jiù yǐn qǐ le hěn dà fǎn xiǎng   - tā de zhù zuò yǐ jīng yú shàng 
307	冲突	84	1251-1500.md	1351	摩擦	example_contains	3	## 1351. 摩擦  - ピンイン: mó cā - 例文:   - 劫物体之   - 司相互接触，来回移幼箱子摩擦地面，友出一阵刺耳的声音   - 天気大冷，他用両只手互相摩擦着-取暖   - 机器雰件摩擦声音不太，古汁咳修了。名人与人之   - 司或者団体之   - 司的冲突他l.1因力意兄不同，出现了一些小摩擦   - 我之l可的摩擦都己姪解决了，现在美系狼好   - 速対夫妻性格不合，経常友生摩擦   - 连浊小党派之同有狼多摩擦   - 摩擦的双方各不相辻，推也
308	重叠	84	0751-1000.md	987	交叉	example_contains	1	## 0987. 交叉  - ピンイン: jiāochā - 例文:   - 前面是一个交叉路口。   - 他们的行驶路线交叉了。   - 几条线交叉在一起，很难分清。   - 地铁轨道互相交叉，极大方便了交通。   - （活动、内容等）穿插、重叠颁奖和表演活动交叉进行。   - 我们对这两章的内容交叉着介绍。   - 各个部门的工程交叉进行，保证明年就可以完工。   - 我们交叉着改作业，可能会更快一些。 - 例文ピンイン:   - qián miàn shì yí gè 
309	重阳节	84				example_contains	0	
310	崇拜	84				example_contains	0	
312	崇敬	85				example_contains	0	
313	抽空	85	0251-0500.md	298	柚室	example_contains	1	## 0298. 柚室  - ピンイン: yòu shì - 例文:   - 作抽空到我力､公室来一趣。   - 我共友太投了，得抽空去理一理。   - 休抽空帯我把迭小表莫上'巴。   - 他抽了一小室，到外面打屯活 去了。   - 我達両天太忙了，実在抽不出空。 - 例文ピンイン:   - zuò chōu kòng dào wǒ lì ､ gōng shì lái yī qù.   - wǒ gòng yǒu tài tóu le ， dé chōu kòng qù l
314	稠密	85				example_contains	0	
315	筹备	85				example_contains	0	
316	踌躇	86				example_contains	0	
317	丑恶	86	0751-1000.md	1005	揭露	example_contains	1	## 1005. 揭露  - ピンイン: jiēlù - 例文:   - 他在文章中揭露了这种丑恶现象。   - 我要把他的阴谋揭露出来。   - 他大胆揭露了这伙人的诈骗手段。   - 他的丑闻揭露出来后，人们都很震惊。   - 他揭露了这种做法的无知，同时指出了科学的方向。   - 由于他的特殊地位，那时候人们都不敢揭露他。 - 例文ピンイン:   - tā zài wén zhāng zhōng jiē lù le zhè zhǒng chǒu è xiàn xiàng
322	出息	87	1501-1750.md	1718	目光	example_contains	1	## 1718. 目光  - ピンイン: mùguāng - 例文:   - 大家的目光都集中在了屏幕上。＠他知道自己错了，有意避升了妻子的目光   - 学生ｲi]的目光一起投向了老ｿ甲。②眼晴里流露出的情堵、神恋①地目光温和弦子ｲ'1都喜炊地   - 接到乗取通知，弟弟露出欣喜的目光   - 老ｿ市素初的目光姶我留下了根深的印象   - 香香的目光里包含着対该子元限的爱。狐ユ目光沐浴3万③対事物的泛察和孤児能力④违令人目光短浅，没有多大出息。＠他目光敏锐，倣事果断   - 
339	喘气	92				example_contains	0	
342	创立	93	2501-2750.md	2247	依托	example_contains	1	## 2247. 依托 - ピンイン: yītuō - 例文:   - 这个地区通过改革，依托当地的资源优势，建起了大型工厂。   - 我们要紧紧依托重点企业，发展经济。   - 他依托先进理论，创立出了新的管理办法。军队建设逐步实行了自己培养和依托国民教育培养相结合的办法。   - 她把丈夫当成了自己终身的依托。   - 一个好的产品没有市场的依托，就没有前途。   - 他们以当地水资源为依托，建起了发电站。   - 你们失去了资金上的依托，还怎么发展。   - 疆（626
343	创新	93	0001-0250.md	188	部署	example_contains	7	## 0188. 部署  - ピンイン: bùshǔ - 例文:   - 公司正在部署力量，加强技术创新能力。   - 我早在那里部署了一支兵力。   - 他全面部署了各部门今后的工作。   - 完成这个任务需要精心部署，狠抓落实。 - 例文ピンイン:   - gōngsī zhèngzài bùshǔ lìliàng, jiāqiáng jìshù chuàngxīn nénglì.   - wǒ zǎo zài nàlǐ bùshǔ le yì zhī bīnglì.  
344	创业	94				example_contains	0	
345	创作	94	0001-0250.md	198	采集	example_contains	11	## 0198. 采集  - ピンイン: cǎijí - 例文:   - 他采集了很多植物标本。   - 我采集了一些石头的样本回来。   - 他利用网络采集了大量销售信息。   - 在古代，一般妇女负责采集果实，男人负责打猎。   - 他到处去采集民歌，回来后整理、创作。 - 例文ピンイン:   - tā cǎijí le hěn duō zhíwù biāoběn.   - wǒ cǎijí le yìxiē shítou de yàngběn huí lái.   - 
351	纯粹	96	2251-2500.md	2010	无理取闹	example_contains	1	## 2010. 无理取闹  - ピンイン: wúlǐqǔnào - 例文:   - 你们不要在这里无理取闹了   - 我怎么是无理取闹啊   - 我这是正当要求   - 你这纯粹是无理取阔，没买到票当然不能上车   - 对这些无理取闹的人，我们只能叫警察了   - 他看起来不是那种无理取闹的人 - 例文ピンイン:   - nǐ men bú yào zài zhè lǐ wú lǐ qǔ nào le   - wǒ zěn me shì wú lǐ qǔ nào a   -
353	词汇	96	1751-2000.md	1443	贫乏	example_contains	2	## 1443. 贫乏  - ピンイン: pín fá - 例文:   - 过去我们的物质生活很贫乏。   - 我小时候，家境很贫乏。贫乏的生活让他懂得要更努力。   - 缺少；不丰富   - 那里森林资源贫乏，需要植树造林。   - 如果词汇贫乏，就写不出好文章来。   - 一个人如果不学习，思想就会贫乏。「那时候吃的、用的都太贫乏了。 - 例文ピンイン:   - guò qù wǒ men de wù zhì shēng huó hěn pín fá。   - wǒ xi
354	慈善	97				example_contains	0	
356	磁带	97				example_contains	0	
361	刺	98	0001-0250.md	216	嘈杂	example_contains	17	## 0216. 嘈杂  - ピンイン: cáozá - 例文:   - 屋里声音嘈杂，什么也听不清。   - 他就生活在这片嘈杂的闹市区。   - 他随时都会睡着，即使在这种嘈杂的场所。   - 外面嘈杂的声音吵得他无法入睡。   - 街上传来了一阵嘈杂、刺耳的声音。 - 例文ピンイン:   - wū lǐ shēngyīn cáozá, shénme yě tīng bù qīng.   - tā jiù shēnghuó zài zhè piàn cáozá de nà
363	丛	99	1501-1750.md	1649	丛然	heading_contains	3	## 1649. 丛然  - ピンイン: cóngrán - 例文:   - 他好像没肝憧，晁出一副差然的祥子。＠他速公一说，大家反而更荘然了   - 我荏然地看着他，不知锐什公オ好｡   - 出路在郷ル？大家都覚得根诘然   - 顿吋，人ｲ   - ､1都変得荘然起来 - 例文ピンイン:   - tāhǎoxiàngméigānchōng，cháochūyīfùchàrándexiángzi。＠tāsùgōngyīshuō，dàjiāfǎnérgèngzhuāngránle
364	凑合	99	1501-1750.md	1675	勉励	example_contains	1	## 1675. 勉励  - ピンイン: miǎnlì - 例文:   - 父母姪常勉励我好好ル瑛吊   - 困唯面前，同学ｲ､都互相勉励着   - 演出姑束后，困惟勉励了演员ｲi]一番   - 他ｲl､]违吋候最需要凡句勉励的活   - 在送小吋刻，大家更需要互相勉励。勉张midnqi6ng＜形＞①能力不鑛凑合着去倣的⑪他生了病，勉张坚持到下班了   - 我姑在某子上，勉强移得着换灯泡   - 他现在迩大小，辻他微速些事星得恨勉张。②不是心甘情鳫的⑪在大家的追l可下，他勉张
366	窜	100				example_contains	0	
367	摧残	100	0751-1000.md	975	践踏	example_contains	1	## 0975. 践踏  - ピンイン: jiàntà - 例文:   - 不要践踏花草。   - 这片农田被羊群践踏了。   - 草坪已被践踏得看不见草了。   - 那里发生了拥挤践踏事件，死伤一百多人。   - 比喻用暴力欺压、破坏：摧残法律是庄严的，不允许任何人践踏。   - 侵略者在别国领土上肆。 - 例文ピンイン:   - bú yào jiàn tà huā cǎo。   - zhè piàn nóng tián bèi yáng qún jiàn tà le。 
371	挫折	101	1251-1500.md	1397	平坦	example_contains	6	## 1397. 平坦  - ピンイン: píng tǎn - 例文:   - 远条路特别平坦，汽牟鞄得根快   - 辻了速段山路，前面就是平坦的大道   - 远条路変得比以前平坦多了   - 他的生活道路根不平坦，姪厨辻根多挫折 - 例文ピンイン:   - yuǎn tiáo lù tè bié píng tǎn， qì móu páo dé gēn kuài   - shí le sù duàn shān lù， qián miàn jiù shì píng tǎn de
372	搭	102	0251-0500.md	374	搭配	heading_contains	10	## 0374. 搭配  - ピンイン: dā pèi - 例文:   - 他穿衣服狼会搭配。   - 他吃仮吋肉和蔬菜搭配着吃。   - 遠丙小 詞落不搭配，不能放在一起説。   - 我穿迄件上衣，搭配那条稗子好 看。   - 他価搭配得ｲ艮好，取得了阿球双打冠隼。   - 他穿的衣服狼搭配。   - 遠些字有大有小，看起来不搭配。   - 迄 几秤顔色非常搭配，星得十分自然。   - 地身体的比例有些不搭配。 - 例文ピンイン:   - tā chuān yī fú lá
373	搭档	102				example_contains	0	
379	打官司	104				example_contains	0	
380	打击	104	0001-0250.md	76	卑鄙	example_contains	14	## 0076. 卑鄙  - ピンイン: bēibǐ - 例文:   - 我不会做那种卑鄙的事。   - 他诬陷别人，简直太卑鄙了。   - 他用卑鄙的手段打击别人。   - 我不可能跟这样卑鄙的人成为朋友。   - 他这种卑鄙的行为引起了大家的愤恨。 - 例文ピンイン:   - wǒ bú huì zuò nà zhǒng bēibǐ de shì.   - tā wūxiàn biérén, jiǎnzhí tài bēibǐ le.   - tā yòng bēibǐ 
383	打猎	105	0001-0250.md	198	采集	example_contains	1	## 0198. 采集  - ピンイン: cǎijí - 例文:   - 他采集了很多植物标本。   - 我采集了一些石头的样本回来。   - 他利用网络采集了大量销售信息。   - 在古代，一般妇女负责采集果实，男人负责打猎。   - 他到处去采集民歌，回来后整理、创作。 - 例文ピンイン:   - tā cǎijí le hěn duō zhíwù biāoběn.   - wǒ cǎijí le yìxiē shítou de yàngběn huí lái.   - 
384	打仗	105				example_contains	0	
387	大伙儿	106				example_contains	0	
388	大厦	106	2251-2500.md	2025	物业	example_contains	7	## 2025. 物业  - ピンイン: wùyè - 例文:   - 我们小区的物业管理公司很负责任   - 水管坏了，可以找物业部门维修   - 大厦的物业管理很规范，业主们都很放心   - 物业刚才催我们交物业费了   - 这个小区的居民都很信赖管理小区的物业，有事经常找他们帮忙 - 例文ピンイン:   - wǒ men xiǎo qū de wù yè guǎn lǐ gōng sī hěn fù zé rèn   - shuǐ guǎn huài le， kě yǐ
389	大肆	107				example_contains	0	
390	大体	107				example_contains	0	
393	歹徒	108	0001-0250.md	66	报警	example_contains	1	## 0066. 报警  - ピンイン: bàojǐng - 例文:   - 出事儿了，快报警！   - 我们已经报警了，警察马上就到。   - 一旦发生危险，请你们立刻报警。   - 公安局接到群众报警后，迅速作出了反应。   - 看到歹徒手里拿着刀，他毫不犹豫地报了警。   - 这对小夫妻争吵不断，有时候还大打出手，为此他们还报过两次警。 - 例文ピンイン:   - chū shìr le, kuài bàojǐng!   - wǒmen yǐjīng bàojǐng l
395	代理	108				example_contains	0	
408	当代	112	0501-0750.md	601	复興	example_contains	6	## 0601. 复興  - ピンイン: fù xìng - 例文:   - 〈幼〉（事物）衰落后又重新央盛起来   - 我ｲil迄一代担负着民族夏共的重要任券   - 要想実現民族夏共，必   - 领友展科技。’＠他希望自己的国家再度夏共   - 他決心辻京刷乞木在   - 当代夏共   - 如果能夏共遠些古老的侍銃，ヌ寸子文化保鈩有重要意又 - 例文ピンイン:   - 〈 yòu 〉（ shì wù ） shuāi luò hòu yòu chóng xīn yāng s
412	当务之急	113				example_contains	0	
419	导航	114				example_contains	0	
426	得不偿失	116				example_contains	0	
434	等候	118				example_contains	0	
436	瞪	119				example_contains	0	
437	堤坝	119				example_contains	0	
456	雕刻	124	2501-2750.md	2329	玉	example_contains	1	## 2329. 玉 - ピンイン: yù - 例文:   - 这块白玉产自新疆，价格非常高。   - 他的业余爱好就是收藏各种各样的玉。   - 这匹马是用玉雕刻成的。   - 有的人认为身上戴玉可以让皮肤更有光泽。 - 例文ピンイン:   - zhè kuài bái yù chǎn zì xīn jiāng ， jià gé fēi cháng gāo 。   - tā de yè yú ài hào jiù shì shōu cáng gè zhǒng gè yàng
458	吊	125	0501-0750.md	720	钩子	example_contains	12	## 0720. 钩子  - ピンイン: gōu zi - 例文:   - ＜名〉愚桂奈西用的一端弩曲的用具   - 休把衣服桂在钩子上p巴。’＠蝿子栓在了一介钩子上   - 子吊起了遠袋小麦   - 牟的后面有卜大钩子 - 例文ピンイン:   - ＜ míng 〉 yú guì nài xī yòng de yī duān nǔ qū de yòng jù   - xiū bǎ yī fú guì zài gōu zi shàng p bā 。’＠ yíng zi shuā
459	调动	125	3001-3250.md	2533	周转	example_contains	3	## 2533. 周转  - ピンイン: zhōu zhuǎn(zhōu zhuǎn) - 例文:   - 这家工厂缺乏资金，已经无法周转了。1半年内，那笔资金已   - 经周转了三个来回。   - 我们的科研经费周转速度一般是很慢的。1   - 我们应当加快资金周转，创造更大效益。   - 周转不起来。   - 调动开支或轮流使用物品   - 货物周转到他们那里，被耽搁了一段时间。 - 例文ピンイン:   - zhè jiā gōng chǎng quē fá zī jīn
460	跌	125				example_contains	0	
462	叮嘱	126				example_contains	0	
463	盯	126				example_contains	0	
466	丢人	127				example_contains	0	
467	丢三落四	127				example_contains	0	
468	东道主	127	2751-3000.md	2503	致辞致辟zhlV/	example_contains	4	## 2503. 致辞致辟zhlV/  - ピンイン: zhì cí zhì pì - 例文:   - 开学典礼上，校长代表老师们做了致辞   - 国际奥委会主席致辞，对东道主表乎感谢。毕业邸天，班长代表我们向老师致辞。！公司举办新产品发市会，总经理首先致欢迎辞。1今天的大会，请你先致开源峰 - 例文ピンイン:   - kāi xué diǎn lǐ shàng xiào zhǎng dài biǎo lǎo shī men zuò le zhì cí   - guó jì 
469	东张西望	128				example_contains	0	
486	督促	133				example_contains	0	
487	毒品	133	0251-0500.md	461	蚕品	example_contains	5	## 0461. 蚕品  - ピンイン: cán pǐn - 例文:   - 珍惜生命，逸高毒品。   - 他染上了汲食毒品的悪刃。   - 他因力 販巽参品而被捕入状了。   - 警察圦他身上捜出了大量毒品。   - 青 少年千万不要沽染毒品。 - 例文ピンイン:   - zhēn xī shēng mìng ， yì gāo dú pǐn.   - tā rǎn shàng le jí shí dú pǐn de è rèn.   - tā yīn lì   fàn xù
488	独裁	133	1501-1750.md	1690	要充分友栃民主	example_contains	1	## 1690. 要充分友栃民主  - ピンイン: yàochōngfènyǒulìmínzhǔ - 例文:   - 一介人决定   - 领寻作瓜要力求民主，不要槁独裁寺制   - 逮次会汲升得ｲ良民主，大家都狼満意 - 例文ピンイン:   - yījièrénjuédìng   - lǐngxúnzuòguāyàolìqiúmínzhǔ，búyàogǎodúcáisìzhì   - dǎicìhuìjíshēngdéｲliángmínzhǔ，dàjiādōulángmǎny
489	堵塞	134				example_contains	0	
490	赌博	134	0501-0750.md	514	堕落	example_contains	2	## 0514. 堕落  - ピンイン: duòluò - 例文:   - 他从一名劳动模范堕落成了一个罪犯。   - 他的思想堕落了，越来越腐化堕落。   - 真没想到，他会堕落到天天赌博的地步。   - 三年前他就走上了堕落的道路。   - 你这样堕落下去肯定不行，劝你及时回头。 - 例文ピンイン:   - tā cóng yī míng láodòng mófàn duòluò chéng le yí gè zuìfàn.   - tā de sīxiǎng duòlu
491	杜绝	134	3501-3750.md	1743	事故	example_contains	1	## 1743. 事故  - ピンイン: shìgù - 例文:   - ＠迄起火夷事故的原因己姪查清楚 了。   - ’e工r要减少甚至杜绝重大事故友生。   - 有美领号立即到迭了现场。 - 例文ピンイン:   - ＠qìqǐhuǒyíshìgùdeyuányīnjǐzhícháqīngchǔ le。   - ’egōngryàojiǎnshǎoshènzhìdùjuézhòngdàshìgùyǒushēng。   - yǒuměilǐnghàolìjídàodiélex
492	端	134	0251-0500.md	520	而己	example_contains	21	## 0520. 而己  - ピンイン: ér jǐ - 例文:   - 我不辻随便説説而己，作別当真。   - 我成端不太好，只是第六 名而巳。   - 他没別的目的，元非是想多嫌点ル銭而己。   - 遠部手 机不辻几百決銭而己。   - 我只是想想而己，迩没最后決定。 - 例文ピンイン:   - wǒ bù shí suí biàn shuō shuō ér jǐ ， zuò bié dàng zhēn.   - wǒ chéng duān bù tài hǎo ， zh
493	端午节	135				example_contains	0	
494	端正	135				example_contains	0	
495	短促	135				example_contains	0	
496	断定	136				example_contains	0	
497	断断续续	136				example_contains	0	
498	断绝	136				example_contains	0	
499	堆积	136				example_contains	0	
500	队伍	137	0501-0750.md	798	合成	example_contains	21	## 0798. 合成  - ピンイン: hé chéng - 例文:   - 这两支队伍合成了一支。   - 很多条小河合成了这条大河。   - 这个汉字是由两部分合成的。   - 他们组织起来，合成了一股强大的力量。   - 他们用几种物质合成了一种新型的建筑材料。   - 这块地基本不使用人工合成化肥。 - 例文ピンイン:   - zhè liǎng zhī duì wǔ hé chéng le yī zhī 。   - hěn duō tiáo xiǎo hé hé 
501	对策	137				example_contains	0	
502	对称	137				example_contains	0	
503	对付	138				example_contains	0	
504	对抗	138				example_contains	0	
505	对立	138	2751-3000.md	2790	争议争录	example_contains	1	## 2790. 争议争录  - ピンイン: zhēng yì zhēng lù - 例文:   - 关于沙漠治理方案，专家们热烈地争议着   - 淡到具体的分配办法，双方争议起来了   - 大家对地球变暖的原因争议了很长时间   - 他提出的这个问题引起了大家的争议。名争论中的不一致或相对立的意见在分配的问题上，双方的争议很多   - 你们之间的争议应尽早解决。两个合作单位之阔存在着不少争议。关于贸易同题，两国之间没有任何的争议   - 这个球怎么判，双方有争议。682.私
506	对联	138				example_contains	0	
507	对应	139				example_contains	0	
508	对照	139	0001-0250.md	73	曝光	example_contains	1	## 0073. 曝光  - ピンイン: bàoguāng - 例文:   - 底片完全曝光了，不能用了。   - 照相时曝光时间要掌握好。   - 曝光速度对照片效果有很大影响。   - 那个明星吸毒的事情被曝光了。   - 他害怕被曝光，所以不敢说实话。   - 那个官员贪污腐败的事情已经被曝光了。   - 记者把这伙人公款旅游的事情曝光了。 - 例文ピンイン:   - dǐpiàn wánquán bàoguāng le, bù néng yòng le.   - zh
509	兑换	139	0751-1000.md	886	货币	example_contains	5	## 0886. 货币  - ピンイン: huòbì - 例文:   - 中国实行稳健的货币政策。   - 最近这个国家的货币贬值了。   - 不同国家之间的货币可以兑换。   - 美元是全世界可以流通的货币。   - 这几个国家使用的是同一种货币。 - 例文ピンイン:   - zhōng guó shí xíng wěn jiàn de huò bì zhèng cè。   - zuì jìn zhè ge guó jiā de huò bì biǎn zhí le。   
510	兑现	140				example_contains	0	
511	顿时	140	0751-1000.md	829	呼啸	example_contains	3	## 0829. 呼啸  - ピンイン: hūxiào - 例文:   - 大风呼啸了一个晚上。   - 火车正在呼啸着前进。   - 呼啸的子弹从他头顶上飞过。   - 海上传来巨大的呼啸声。   - 消防车、警车在大街上呼啸而过，顿时气氛紧张起来。 - 例文ピンイン:   - dà fēng hū xiào le yí gè wǎn shàng。   - huǒ chē zhèng zài hū xiào zhe qián jìn。   - hū xiào de zǐ d
525	发呆	144				example_contains	0	
535	法人	147	1751-2000.md	1577	取缔	example_contains	1	## 1577. 取缔  - ピンイン: qǔ dì - 例文:   - 他们取缔了那些非法摊位。   - 他所在的组织后来被取缔了。   - 有关部门取缔了十多家涉嫌欺骗消费者的旅行社。对那些没有合格证的食品工厂要坚决取缔。执法人员对非法捕鱼的机构予以了取缔。 - 例文ピンイン:   - tā men qǔ dì le nà xiē fēi fǎ tān wèi。   - tā suǒ zài de zǔ zhī hòu lái bèi qǔ dì le。   - yǒu 
536	番	147	0251-0500.md	382	打量	example_contains	17	## 0382. 打量  - ピンイン: dǎ liàng - 例文:   - 他打量着来人，一句活也不沈。   - 娼娼打量了我半天，好像不圦 択一祥。   - 核子好奇地打量看客人。   - 他看了我的征件，又仔如 打量了打量，オ辻我辻去。   - 地打量了女婿一番，感到非常満意。 - 例文ピンイン:   - tā dǎ liàng zhe lái rén ， yī jù huó yě bù shěn.   - chāng chāng dǎ liàng le wǒ bàn
565	防治	155	3501-3750.md	1793	水利	example_contains	1	## 1793. 水利  - ピンイン: shuǐlì - 例文:   - 〈名＞対水力姿源的利用和対水爽的防治的事血 ①远是古代一额著名的水利工程。   - 曾姪大修水利。   - 国家保征了衣土生戸。   - 水利是衣止友展的重 要保征。   - 各扱政府都非常注意水利的升友和利用。 - 例文ピンイン:   - 〈míng＞duìshuǐlìzīyuándelìyònghéduìshuǐshuǎngdefángzhìdeshìxuè ①yuǎnshìgǔdàiyīézhù
570	放手	156	1251-1500.md	1340	""""	example_contains	2	"## 1340. ""  - ピンイン: "" - 例文:   - 我把螺竺狩游去了   - 清帯我把远小水允失狩升   - 道小瓶孟我狩不升   - 他使効狩千了毛巾   - 作再蒲我一特别洗辻的衣服。用手指央住皮肉使効JL他狩了我一下，恨痒   - 不要狩弦子的耳朱   - 他軽軽地狩了狩猿子的鼻子   - 休狩癖我了，快放手！384宇肯宇思担特锤9 - 例文ピンイン:   - wǒ bǎ luó zhú shòu yóu qù le   - qīng dài wǒ bǎ y"
577	诽谤	158				example_contains	0	
581	沸腾	160				example_contains	0	
582	分辨	160	1001-1250.md	976	鉴别	example_contains	1	## 0976. 鉴别  - ピンイン: jiàn bié - 例文:   - く幼＞通进汎察，分辨好坏、真假 ③通进実騒，他婆別出了河水中的三十多秤物履。   - 用燃焼的亦 法，能筌別衣服的材料是不是羊毛的。   - 考家正在婆別这決玉的真 假｡￨④姪进叔威机杓的婆別，速是一張假画｡￨⑤我ｲl､]桟人婆別进了， 遠是̲明代的作品。 - 例文ピンイン:   - く yòu ＞ tōng jìn fàn chá ， fēn biàn hǎo huài 、 zhēn jiǎ  
583	分寸	160				example_contains	0	
584	分红	160				example_contains	0	
585	分解	161				example_contains	0	
586	分裂	161	0001-0250.md	83	背叛	example_contains	8	## 0083. 背叛  - ピンイン: bèipàn - 例文:   - 他背叛了自己的祖国。   - 我从来没想到他会背叛我们。   - 他早就背叛了这支队伍，向敌人投降了。   - 有位名人说过，忘记历史就意味着背叛。   - 他背叛民族、分裂祖国的图谋是不会得逞的。   - 他宁死也不会背叛自己的信仰。 - 例文ピンイン:   - tā bèipàn le zìjǐ de zǔguó.   - wǒ cónglái méi xiǎngdào tā huì bèipàn
587	分泌	161				example_contains	0	
591	分手	163	2001-2250.md	1782	树立	example_contains	5	## 1782. 树立  - ピンイン: shù lì - 例文:   - 一神技木 ①昨晩老張和在美国的ル子遊行了祝頻通活。   - 現在大部分手 ’ - 例文ピンイン:   - yī shén jì mù  ① zuó wǎn lǎo zhāng hé zài měi guó de ル zi yóu xíng le zhù pín tōng huó 。   - xiàn zài dà bù fèn shǒu  ’ 
597	分量	164				example_contains	0	
602	风暴	166				example_contains	0	
603	风度	166				example_contains	0	
604	风光	166	0001-0250.md	164	不屑一顾	example_contains	6	## 0164. 不屑一顾  - ピンイン: bùxièyīgù - 例文:   - 他对于老师提出的要求不屑一顾。   - 如果以欺骗的手段获得名誉，我真的不屑一顾。   - 他最不屑一顾的就是这些表面的风光。   - 他对这些过时的样式完全不屑一顾。   - 他那种不屑一顾的样子让我很生气。   - “作者根本不会画画儿”，他不屑一顾地评论着。 - 例文ピンイン:   - tā duìyú lǎoshī tíchū de yāoqiú bùxièyīgù.   - rúg
612	锋利	169	0751-1000.md	972	剑	example_contains	1	## 0972. 剑  - ピンイン: jiàn - 例文:   - 这把剑非常锋利。   - 古时候那些侠客喜欢带剑出行。   - 他从小就喜欢刀、剑这类的东西。   - 他练功夫的时候，专门学的是剑。   - 弟弟很喜欢看舞剑表演，觉得非常刺激。 - 例文ピンイン:   - zhè bǎ jiàn fēi cháng fēng lì。   - gǔ shí hòu nà xiē xiá kè xǐ huān dài jiàn chū xíng。   - tā cóng x
613	峰	169	0501-0750.md	664	高峰	example_contains	15	## 0664. 高峰  - ピンイン: gāo fēng - 例文:   - <名〉①高的山峰   - 他己姪到迭了山的高峰   - 珠穆朗渇峰是世界第一高峰   - ｲl.1順利地登上了迄座山的高峰   - 没有人到迭辻遠座山的高峰   - 比愉事物友展的預点   - 交通早晩高峰的吋候，速里非常堵   - 那小吋期是他事止的高峰 - 例文ピンイン:   - < míng 〉① gāo de shān fēng   - tā jǐ zhí dào dié le shān 
615	夫妇	170				example_contains	0	
618	服从	170	0001-0250.md	195	裁判	example_contains	10	## 0195. 裁判  - ピンイン: cáipàn - 例文:   - 他现在是一名专业的足球裁判。   - 这场比赛有三名裁判。   - 你们别争了，都听裁判的。   - 在比赛中运动员要服从裁判判罚。   - 这场球他裁判得很公正。   - 我们请竞赛委员会来裁判一下。   - 他裁判完了整场比赛。   - 这名裁判裁判得有问题，我们提出了申诉。 - 例文ピンイン:   - tā xiànzài shì yì míng zhuānyè de zúqiú cáipàn.
619	服气	171				example_contains	0	
620	俘虏	171				example_contains	0	
621	符号	171	0501-0750.md	654	公式	example_contains	3	## 0654. 公式  - ピンイン: gōng shì - 例文:   - ＜名＞①用数学符号或文字表示几介量之   - 司的美系的式子   - ⑪我ｲn列介公式就能解決速小'可題   - 這今数学公式我己姪忘妃   - 我ｲﾛ学了恨多化学公式｡   - 迭道題用公式汁算就会筒羊根多   - 淀指ﾇ寸同美事物普遍造用的方式、方法   - ⑪公司制定了公式化的管理体制 - 例文ピンイン:   - ＜ míng ＞① yòng shù xué fú hào huò wén z
622	幅度	171	2501-2750.md	2362	杂交	example_contains	2	## 2362. 杂交 - ピンイン: zájiāo - 例文:   - 马跟驴杂交，生出了骤子。两种水果杂交，产生一种新的水果。   - 这些新杂交的品种比以前增产不少。   - 去年杂交的水稻大幅度增产。 - 例文ピンイン:   - mǎ gēn lǘ zá jiāo ， shēng chū le zhòu zi 。 liǎng zhǒng shuǐ guǒ zá jiāo ， chǎn shēng yī zhǒng xīn de shuǐ guǒ 。   - zhè x
623	辐射	172				example_contains	0	
624	福利	172	0751-1000.md	898	基金	example_contains	7	## 0898. 基金  - ピンイン: jījīn - 例文:   - 我们正在为大楼筹集建设基金。   - 他申请到了一笔科研基金。   - 这是一笔专门用于教育的基金。   - 我们获得了一笔发展基金，用于残疾人福利事业。   - 我们要使用好这笔基金，并建立严格的监督制度。 - 例文ピンイン:   - wǒ men zhèng zài wèi dà lóu chóu jí jiàn shè jī jīn。   - tā shēn qǐng dào le yī bǐ k
625	福气	172				example_contains	0	
627	抚养	173				example_contains	0	
628	俯视	173				example_contains	0	
632	腐蚀	174	0751-1000.md	947	坚固	example_contains	1	## 0947. 坚固  - ピンイン: jiāngù - 例文:   - 那座桥非常坚固，已经使用一百多年了。   - 他们把房子修得特别坚固。   - 屋子周围修了一道坚固的石墙。   - 再坚固的堡垒我们也要攻破。   - 大理石虽然很坚固，但很容易受到酸的腐蚀。   - 这段长城工程坚固得很，是中国重要的文化建筑。 - 例文ピンイン:   - nà zuò qiáo fēi cháng jiān gù， yǐ jīng shǐ yòng yì bǎi duō nián
634	负担	175	0501-0750.md	596	负槍	example_contains	4	## 0596. 负槍  - ピンイン: fù qiāng - 例文:   - ＜名＞承受的圧力或担当的責任   - i ④他現在的家庭负担狼重   - 我想打工交学欝，威軽家里的负   - 考慮到自己的姪沸负担，他不想芙太贵的房子   - 都呼ﾛﾁ威軽弦子ｲi]的深上负担   - 作思想上有什公负担，也可以告   - <劫＞承担（費用、責任等）   - 進公責的房子我负担不起 - 例文ピンイン:   - ＜ míng ＞ chéng shòu de yā lì huò dā
635	附和	175				example_contains	0	
645	覆盖	178	0501-0750.md	559	方圆	example_contains	3	## 0559. 方圆  - ピンイン: fāngyuán - 例文:   - 这片风景区很大，方圆数十公里。   - 他的私人领地覆盖了方圆十几平方公里的范围。   - 远远望去，方圆几十里地荒无人烟。   - 这里方圆几百公里都是森林，交通不太方便。 - 例文ピンイン:   - zhè piàn fēng jǐng qū hěn dà ， fāng yuán shù shí gōng lǐ 。   - tā de sī rén lǐng dì fù gài le fāng
646	改良	179				example_contains	0	
647	钙	179	3751-4000.md	2582	坠	example_contains	1	## 2582. 坠  - ピンイン: zhuì - 例文:   - 他不小心从马上坠了下来。   - 一个热气球昨晚坠到海里了。   - 飞行员打开降落伞，从空中慢慢坠下。   - 听到楼上有东西坠下，他吓了一跳。   - （物体）一头挂住，二一头往下沉；下垂钙他登山的时候，腿上还坠了个沙包。   - 他把绳子拴在树上往下坠。   - 我的心里像坠了一块石头那么沉重。 - 例文ピンイン:   - tā bù xiǎo xīn cóng mǎ shàng zhuì le xi
648	盖章	179				example_contains	0	
650	干扰	180				example_contains	0	
652	干预	180				example_contains	0	
653	尴尬	180	1751-2000.md	1511	恰到好处	example_contains	2	## 1511. 恰到好处  - ピンイン: qià dào hǎo chù - 例文:   - 这段说明恰到好处，让人一看就明白。   - 他总是能恰到好处地处理各种关系。   - 他的批评真是恰到好处，既指出了问题，又不让别人尴尬。   - 他把问题处理得恰到好处。话说到这里恰到好处，不能再多说了。 - 例文ピンイン:   - zhè duàn shuō míng qià dào hǎo chù，ràng rén yī kàn jiù míng bái。   - tā z
656	干劲	181	3251-3500.md	2414	朝气蓬勃	example_contains	6	## 2414. 朝气蓬勃  - ピンイン: zhāoqìpéngbó - 例文:   - 青少年朝气蓬勃，像早晨八九点钟的太阳   - 那是一支朝气蓬勃的队伍，很有干劲儿   - 年轻人应该朝气蓬勃地面对生活   - 运动会让老教师们变得朝气蓬勃了 - 例文ピンイン:   - qīng shào nián zhāo qì péng bó， xiàng zǎo chén bā jiǔ diǎn zhōng de tài yáng   - nà shì yī zhī zhāo 
657	纲领	181				example_contains	0	
658	岗位	182	2251-2500.md	1861	提拔	example_contains	2	## 1861. 提拔  - ピンイン: tíbá - 例文:   - 经理提拔了一些有能力的大学生   - 这些年轻干部都是他提拔起来的   - 他把弟弟提拔到了重要岗位   - 最近几年，公司非常重视提拔技术人才   - 他这几年提拔得很快   - 大家都同意把老王提拔为经理 - 例文ピンイン:   - jīng lǐ tí bá le yī xiē yǒu néng lì de dà xué shēng   - zhè xiē nián qīng gàn bù dōu 
663	高潮	183				example_contains	0	
665	高考	184				example_contains	0	
668	高涨	184				example_contains	0	
669	稿件	185				example_contains	0	
671	告诫	185				example_contains	0	
672	疙瘩	185				example_contains	0	
673	鸽子	186				example_contains	0	
676	歌颂	187	0751-1000.md	828	呼唤	example_contains	1	## 0828. 呼唤  - ピンイン: hūhuàn - 例文:   - 他大声呼唤着：“小美一一一小美一一你在哪儿。   - ”。   - 临终之际，他不断呼唤着爱人的名字。   - 妈妈的咳嗽声，儿子觉得是呼唤自己的信号。   - 远处有人在呼唤救人，他们赶紧跑了过去。   - 战士们听到呼唤声，就像听到了命令一样。   - 发出号召（多用于抽象事物）经济的发展呼唤科学技术的发展。   - 这篇文章呼唤人们懂得感恩，希望人们对世界充满爱。   - 对真实性的追求、对人性
679	格式	187	2001-2250.md	1025	津津有味	example_contains	2	## 1025. 津津有味  - ピンイン: jīn jīn yǒu wèi - 例文:   - 我ｲ､需要筌汀一小名面合同。   - 会双的名面通知己姪皮下去 了。   - 送本お面坊双我巳姪看辻了。   - 遠秤税法是令面落言常用 的格式。   - 我ｲ   - ､]掌握了大量的弔面材料，到吋候会掌出来。 - 例文ピンイン:   - wǒ ｲ､ xū yào quán tīng yī xiǎo míng miàn hé tóng 。   - huì shuāng de m
681	隔离	188				example_contains	0	
682	个体	188	2251-2500.md	1974	维持	example_contains	1	## 1974. 维持  - ピンイン: wéichí - 例文:   - 我们要想办法维持当前的和平局势   - 维持社会稳定，是经济发展的前提   - 我们的粮食还可以维持一个月   - 没有水，生活就维持不下去了   - 他的生命维持不了多长时间了   - 如果能维持住目前的经营状况就很不错了   - 我们要学会维护自己的权利   - 全世界人民都在维护世界和平   - 他们采取各种办法，维护产品的信誉   - 大家的利益要靠大家来维护   - 每个公民都会维护自己国家
684	根深蒂固	189				example_contains	0	
685	根源	189	1251-1500.md	1496	起源	example_contains	3	## 1496. 起源  - ピンイン: qǐ yuán - 例文:   - 阿球起源子法国   - 狼多丈茜形式起源子芳幼   - 中国文化起源子五千年前   - 中挨砲迄功起源子英国   - 茶叶秤植最早起源子中国。名（事物）芦生的根源美子人美起源   - 可题有根多魂法   - 人i1迂没槁清楚逗秤文字的起源   - 途本名可以帯助我了解各干事物的起源迄商科迄幼的起源是相同的   - 培言的起源和人美的起源一祥久迄。気概気功块気色417 - 例文ピンイン:   - ā 
686	跟前	189				example_contains	0	
687	跟随	189				example_contains	0	
688	跟踪	190	0501-0750.md	528	发觉	example_contains	6	## 0528. 发觉  - ピンイン: fājué - 例文:   - 他发觉有人在跟踪他。   - 我发觉自己说错了话。   - 人如果做坏事，最怕被别人发觉。   - 我直到今天才发觉附近有个加油站。   - 当我走近他的时候，他并没有发觉。 - 例文ピンイン:   - tā fājué yǒu rén zài gēnzōng tā.   - wǒ fājué zìjǐ shuō cuò le huà.   - rén rúguǒ zuò huàishì, zuì pà
693	工艺品	191	0751-1000.md	925	技巧	example_contains	8	## 0925. 技巧  - ピンイン: jìqiǎo - 例文:   - 这座雕塑体现了雕塑家高超的技巧。   - 他的动作技巧性很强，得了高分。   - 这个工艺品制作技巧很精致。   - 我们还没学会这种技巧，做不成这么好的东西。 - 例文ピンイン:   - zhè zuò diāo sù tǐ xiàn le diāo sù jiā gāo chāo de jì qiǎo。   - tā de dòng zuò jì qiǎo xìng hěn qiáng， dé l
694	公安局	191	0001-0250.md	66	报警	example_contains	5	## 0066. 报警  - ピンイン: bàojǐng - 例文:   - 出事儿了，快报警！   - 我们已经报警了，警察马上就到。   - 一旦发生危险，请你们立刻报警。   - 公安局接到群众报警后，迅速作出了反应。   - 看到歹徒手里拿着刀，他毫不犹豫地报了警。   - 这对小夫妻争吵不断，有时候还大打出手，为此他们还报过两次警。 - 例文ピンイン:   - chū shìr le, kuài bàojǐng!   - wǒmen yǐjīng bàojǐng l
697	公关	192				example_contains	0	
700	公然	193				example_contains	0	
701	公认	193				example_contains	0	
702	公司	193	1751-2000.md	1955	公司确立了新的发展战略	heading_contains	413	## 1955. 公司确立了新的发展战略  - ピンイン: gōng sī què lì le xīn de fā zhǎn zhàn lüè - 例文:   - 我们已经确立了今后的工作重点。   - 这个地区进一步确立了农业的地位。   - 法制观念的确立，提高了人们的法律意识。   - 这种先进的观念是逐步确立起来的。 - 例文ピンイン:   - wǒ men yǐ jīng què lì le jīn hòu de gōng zuò zhòng diǎn。   - z
703	公务	193	3751-4000.md	2602	宗教	example_contains	4	## 2602. 宗教  - ピンイン: zōngjiào - 例文:   - 她的母亲信仰宗教。   - 道教是产生于中国的一种宗教。   - 国家保护正常的宗教活动。   - 人们有信仰宗教的自由。   - 办刊物的宗旨是为读者服务。   - 我们教育的宗旨是培养有道德、有能力的人才。   - 国家公务人员一定要牢记为人民服务的宗旨。   - 4这个协会以保护环境为主要宗旨。 - 例文ピンイン:   - tā de mǔ qīn xìn yǎng zōng jiào 。 
706	功课	194				example_contains	0	
707	功劳	194	2501-2750.md	2295	英勇	example_contains	2	## 2295. 英勇 - ピンイン: yīngyǒng - 例文:   - 战士们个个都很英勇。   - 他们英勇杀敌，立下了很多功劳。   - 这是一支非常英勇的部队，取得过无数的胜利。他这种英勇的气概值得我们学习。   - 在危险时刻，他表现出了英勇顽强的精神。   - 为了保卫国家，他英勇地牺牲了。 - 例文ピンイン:   - zhàn shì men gè gè dōu hěn yīng yǒng 。   - tā men yīng yǒng shā dí ， lì
709	攻击	195	0501-0750.md	542	反驳	example_contains	2	## 0542. 反驳  - ピンイン: fǎnbó - 例文:   - 我当时就反驳了他的错误观点。   - 对他的言论攻击，我们必须予以反驳。   - 对于这种说法，我立即做出了反驳。   - 他反驳时观点鲜明，有理有据，很多人都支持他。   - 如果没有人反驳的话，这个决议就算通过了。 - 例文ピンイン:   - wǒ dāngshí jiù fǎnbó le tā de cuòwù guāndiǎn.   - duì tā de yánlùn gōngjī, wǒme
710	攻克	195				example_contains	0	
721	构思	198				example_contains	0	
722	孤独	198	0501-0750.md	675	女	example_contains	3	## 0675. 女  - ピンイン: nǚ - 例文:   - 我覚得狼孤独   - ⑬失恋以后，他感到狼孤独   - 如果体感到狐独   - 可以常来速里   - 他至今ｲ乃然一小人辻着孤独的生活 - 例文ピンイン:   - wǒ jué dé láng gū dú   - ⑬ shī liàn yǐ hòu ， tā gǎn dào láng gū dú   - rú guǒ tǐ gǎn dào hú dú   - kě yǐ cháng lái sù lǐ   - 
723	孤立	198				example_contains	0	
724	姑且	199				example_contains	0	
726	古董	199	0501-0750.md	680	年厨史的古董	example_contains	2	## 0680. 年厨史的古董  - ピンイン: nián chú shǐ de gǔ dǒng - 例文:   - 吹的古董，就非笑不可   - 我我人婆定了一下，遠的辅是小古董 - 例文ピンイン:   - chuī de gǔ dǒng ， jiù fēi xiào bù kě   - wǒ wǒ rén pó dìng le yī xià ， yuǎn de fǔ shì xiǎo gǔ dǒng 
729	股份	200	2501-2750.md	2302	拥有	example_contains	2	## 2302. 拥有 - ピンイン: yōngyǒu - 例文:   - 这家公司拥有几十亿资产。   - 这个国家拥有很多先进武器。   - 中国拥有960万平方公里的土地。这个国家拥有大量资源，怎么会贫穷呢。   - 他已经拥有了公司的大部分股份。这些人拥有的权力太大，值得引起注意。 - 例文ピンイン:   - zhè jiā gōng sī yōng yǒu jǐ shí yì zī chǎn 。   - zhè ge guó jiā yōng yǒu hěn duō
735	固执	202				example_contains	0	
736	故乡	202				example_contains	0	
737	故障	202	0501-0750.md	691	竺璋空	example_contains	23	## 0691. 竺璋空  - ピンイン: zhú zhāng kōng - 例文:   - ＜名＞（机械、似器等）出現的向題   - 汽牟出故障了，需要修理   - 遠台机器的故障己姪排除了   - -上机引筆友生了故障，踏緬緊急降落   - 我的屯脳用了三年了   - 没出現辻故障   - 他帯我査清了机器出故障的原因   - 顾慮（顾慮)90'0 - 例文ピンイン:   - ＜ míng ＞（ jī xiè 、 shì qì děng ） chū xiàn de xià
738	顾虑	202	0751-1000.md	1004	揭发	example_contains	5	## 1004. 揭发  - ピンイン: jiēfā - 例文:   - 有人揭发他贪污，案件正在调查中。   - 他揭发了这伙人的犯罪事实。   - 他害怕被报复，不敢向公安机关揭发事实真相。   - 希望你能大胆揭发，不要有什么顾虑。   - 他千的坏事已经都被揭发出来了。 - 例文ピンイン:   - yǒu rén jiē fā tā tān wū， àn jiàn zhèng zài diào chá zhōng。   - tā jiē fā le zhè huǒ r
739	顾问	203				example_contains	0	
740	雇佣	203				example_contains	0	
742	关照	203				example_contains	0	
743	关怀	204	2251-2500.md	2013	无微不至	example_contains	1	## 2013. 无微不至  - ピンイン: wúwēibùzhì - 例文:   - 老师对同学们的关怀无微不至   - 父母给了孩子无微不至的关心   - 这些护士无微不至地照顾着病人   - 他对妻子的照顾可以说是无微不至，什么都为她想到了 - 例文ピンイン:   - lǎo shī duì tóng xué men de guān huái wú wēi bù zhì   - fù mǔ gěi le hái zi wú wēi bù zhì de guān xīn 
744	观光	204				example_contains	0	
745	官方	204	1251-1500.md	1334	民同（民间)minj'	example_contains	1	## 1334. 民同（民间)minj'  - ピンイン: mín tóng（ mín jiān)minj' - 例文:   - 名〉人民群企中   - 可民同流侍着根多美雨的爱情故事。民   - 司乞木有根彊的生命力   - 他收集了根多民同侍说。不是政府行方的我远介肋会是小民同姐奴。迄又又是一次民同活劫，不属子官方行力   - 我雷要大力友展民同鹫易 - 例文ピンイン:   - míng〉 rén mín qún qǐ zhōng   - kě mín tóng liú 
746	管辖	204	2751-3000.md	2526	重心	example_contains	1	## 2526. 重心  - ピンイン: zhòng xīn - 例文:   - 你的重心太靠前了，站不稳   - 由于失去了重心，地样例了。！滑冰的时候，存注意调整身体的重心   - 字握好重心，就容另做到平衡。重心丹州周边周密事情的中心或主要部分今年的工作重心不变，还是经济建设   - 他办事总是能够抓住重心，所以效率很高。学生什么时候都不能离开学习这个重心。舟zhou名船（常用于书面语）几只小舟涤流在大海上。古人曾来着木丹漂洋过海。探险队员驾着张舟在波滚中前进。海上风平
747	贯彻	205				example_contains	0	
752	光辉	206	0501-0750.md	569	放射	example_contains	2	## 0569. 放射  - ピンイン: fàngshè - 例文:   - 太阳放射出鲜艳的光辉。   - 这种石头放射出的物质对人体有害。   - 不合格的油漆会放射出有毒气体。   - 他使用了环保材料，减少了放射性气体的排放。 - 例文ピンイン:   - tài yáng fàng shè chū xiān yàn de guāng huī 。   - zhè zhǒng shí tou fàng shè chū de wù zhì duì rén tǐ yǒu hà
761	规划	209	0751-1000.md	870	汇报	example_contains	7	## 0870. 汇报  - ピンイン: huìbào - 例文:   - 她向经理汇报了最近的财务情况。   - 家长要求孩子定期向他汇报学习成绩。   - 这件事我们已经向领导汇报过了。   - 我们向厂长汇报了今年工厂的发展规划。   - 我们最近要举办汉语学习汇报演出。 - 例文ピンイン:   - tā xiàng jīng lǐ huì bào le zuì jìn de cái wù qíng kuàng。   - jiā zhǎng yāo qiú hái zi
765	跪	210				example_contains	0	
766	棍棒	210				example_contains	0	
772	过奖	212	0001-0250.md	200	彩票	example_contains	2	## 0200. 彩票  - ピンイン: cǎipiào - 例文:   - 我买的福利彩票中奖了。   - 他经常买彩票，但从来没中过奖。   - 这期彩票的最高奖金是500万元。   - 我买的是体育彩票，每天晚上开奖。   - 他总幻想着买彩票中大奖。 - 例文ピンイン:   - wǒ mǎi de fúlì cǎipiào zhòngjiǎng le.   - tā jīngcháng mǎi cǎipiào, dàn cónglái méi zhòng guò ji
775	过问	212				example_contains	0	
796	呵	218	0751-1000.md	795	耗费	example_contains	8	## 0795. 耗费  - ピンイン: hàofèi - 例文:   - 写这篇文章耗费了我一个月的时间。   - 这座建筑耗费了大量材料。   - 青春就这样被他白白地耗费了。   - 他的体力耗费得很快，马上就支持不住了。   - 为了修建这座房子，他耗费了大量的金钱。   - hé呵，这里真漂亮。   - 呵，花儿全开了。   - 呵，这孩子长这么高了。   - 呵，你一点儿都没变啊。   - 呵，你越来越苗条了。 - 例文ピンイン:   - xiě zhè piān
801	合身	219	0001-0250.md	194	裁缝	example_contains	1	## 0194. 裁缝  - ピンイン: cáiféng - 例文:   - 他是个很有名的裁缝。   - 我想找裁缝改一下衣服。   - 这个裁缝做的裤子非常合身。   - 这件衣服是我找裁缝做的。   - 他学的是服装设计，毕业后当了一名裁缝。 - 例文ピンイン:   - tā shì gè hěn yǒumíng de cáiféng.   - wǒ xiǎng zhǎo cáiféng gǎi yíxià yīfu.   - zhège cáiféng zuò de 
802	合算	220	1751-2000.md	1424	批发	example_contains	2	## 1424. 批发  - ピンイン: pī fā - 例文:   - 明天商店会批发来两车啤酒。   - 这家商店只批发，不零售。   - 这些笔是我批发来的，很便宜。   - 我按批发价给你，你肯定合算。 - 例文ピンイン:   - míng tiān shāng diàn huì pī fā lái liǎng chē pí jiǔ。   - zhè jiā shāng diàn zhǐ pī fā，bù líng shòu。   - zhè xiē bǐ shì w
807	和谐	221	2501-2750.md	2351	源泉	example_contains	2	## 2351. 源泉 - ピンイン: yuánquán - 例文:   - 我们到达了这条河的源泉。   - 他们发现了水流的源泉。   - 生活是他创作取之不尽的源泉。   - 群众的积极性和创造性是建设和谐社会的力量源泉。劳动创造是他幸福的唯一源泉。   - 足球和舞踏是他们快乐的源泉。 - 例文ピンイン:   - wǒ men dào dá le zhè tiáo hé de yuán quán 。   - tā men fā xiàn le shuǐ liú de 
808	嘿	221				example_contains	0	
812	哼	223				example_contains	0	
837	花蕾	229	0751-1000.md	836	花瓣	example_contains	1	## 0836. 花瓣  - ピンイン: huābàn - 例文:   - 树上掉下来很多花瓣。   - 这种花的花辫很大。   - 看着河里的花辫漂走了，她很伤心。   - 这些花瓣可以用来洗澡。   - 她在水里放了很多花瓣。   - 花蕾hualei这朵花蕾很快就会开的。   - 这棵牡丹已经结了很多花蕾。   - 看着结出的花蕾，他期待着几天后能开出五颜六色的花朵。   - 服务员端来一盘晒干的花蕾，谢经理让我们品尝它们的滋味。   - 据专家测定，今年棉花上的花蕾比
852	患者	233	0751-1000.md	851	缓和	example_contains	7	## 0851. 缓和  - ピンイン: huǎnhé - 例文:   - 他们缓和了彼此的关系。   - 你来讲个笑话，缓和一下气氛吧。   - 缓和下来了。   - 他们之间的矛盾已经开始缓和了。   - 大夫仔细询问了患者的情况。   - 医院里的感冒患者有所增加。   - 护士们对每一位患者都很负责。   - 希望大家近期少到公共场所去，以免接触传染病患者。   - 对于患者的要求，医院应尽量满足。 - 例文ピンイン:   - tā men huǎn hé le bǐ
872	贿赂	238	0751-1000.md	871	会晤	example_contains	2	## 0871. 会晤  - ピンイン: huìwù - 例文:   - 总理亲切会晤了各国来宾。   - 两国代表举行了会晤。   - 很多知名人士参加了那次会。   - 两国元首定期会唔，有助于加强合作。   - 贿赂（）huiliu他们想贿赂法官，这是不可能的。   - 他承认了曾经贿过那位局长。   - 贿赂别人的事我从来不千。   - 他们赂了当地一些千部，但都被查出来了。   - 副市长因贿赂丑闻下台了。   - 他从来没接受过任何贿略。   - 他坚持原则，从不
888	饥饿	242	0751-1000.md	887	讥笑	example_contains	1	## 0887. 讥笑  - ピンイン: jīxiào - 例文:   - 他条件优越，经常讥笑别人。   - 你不应该讥笑他贫穷。   - 他很懂得尊重别人，从来不讥笑任何人。   - 他忍受不了别人的笑，转身离开了。   - 讥笑别人是一种很无知的举动。   - 饥饿（）ji'é他两天没吃东西，非常饥饿。   - 饥饿的人群在等待救援。   - 他现在饥饿难熬，度日如年。   - 这是一只看起来非常饥饿的老虎。   - 他饥饿得已经无法忍受。   - 由于过度饥饿，他昏了
956	煎	261	1001-1250.md	955	兼职	example_contains	1	## 0955. 兼职  - ピンイン: jiān zhí - 例文:   - 〈功〉本覗之外兼任其他取努 ①他除了当老ﾘ市，込兼取倣家教。   - 王老ﾘ市是教数学的，逐兼取 倣我们的班主任。   - 我们在这里兼取倣翻犀，工作狼辛苦。   - 我 兼的取大多了，希望能減少一些。   - 他除了学校的工作，迩兼了一 些社会上的取c ①翻斧工作是我的兼取。 ＠这伶兼取工黄弁不是根高。   - 我倣兼 取的目的是増加工作姪聡。   - 他千了恨多扮兼取，根累。 因 ■ 煎jbn
957	拣	262	0001-0250.md	80	贝壳	example_contains	1	## 0080. 贝壳  - ピンイン: bèiké - 例文:   - 他在海边拣了很多贝壳。   - 这些贝壳非常漂亮。   - 这些都是用贝壳制成的工艺品。   - 这种贝壳很少见。   - 孩子手里拿着一个贝壳。 - 例文ピンイン:   - tā zài hǎibiān jiǎn le hěn duō bèiké.   - zhèxiē bèiké fēicháng piàoliang.   - zhèxiē dōu shì yòng bèiké zhìchéng d
1003	接连	275	2251-2500.md	2029	吸取	example_contains	1	## 2029. 吸取  - ピンイン: xīqǔ - 例文:   - 树木从土壤中吸取水分和营养   - 他们吸取了上次失败的教训   - 我们要善于吸取别人的长处，弥补自己的不足   - 他总是不吸取教训，结果接连失败   - 他们吸取了先进的管理经验，提高了管理水平 - 例文ピンイン:   - shù mù cóng tǔ rǎng zhōng xī qǔ shuǐ fèn hé yíng yǎng   - tā men xī qǔ le shàng cì shī bà
1036	劲头	284				example_contains	0	
1037	晋升	284	1001-1250.md	1095	勁头	example_contains	1	## 1095. 勁头  - ピンイン: jìn tóu - 例文:   - 別看他技得不高，劫失可大了。   - 他学习沃珸的効失狼足。   - 他携足了効失，就想鼠比幕。   - 他身上有一股不服輸的効失。   - 他刻苦学可的効失我佃都比不了。 晋升jinsh邑ng ②他今年晋升了教授。   - 他巳錘晋升力副市技了。   - 他剛来公 司不久，就晋升当了姪理。   - 他工作这全努力，皮咳得到晋升。 - 例文ピンイン:   - bié kàn tā jì dé bù 
1050	精密	287	1001-1250.md	1049	精简	example_contains	2	## 1049. 精简  - ピンイン: jīng jiǎn - 例文:   - 〈劫＞去棹多余的，只留下必要的 ⑪政府精简了机杓，提高了力､事效率。   - 公司遠両年精简了不少 章有些地方述可以遊一歩精简。 精密jTngml ①遠些都是精密仗器，要小心搬这。   - 手表内部的鈷杓非常精密。   - 科学家ｲ｢]这行了精密汁算，得出了遠小数字。   - 他ｲi]精密地測算 出了両地的実豚距高。 ＠返件宝瓜工茜非常精密，乞木价偵狼高。 ■四コ 人員。   - 通进精简会双内
1053	精心	288	1001-1250.md	1051	精确	example_contains	8	## 1051. 精确  - ピンイン: jīng què - 例文:   - く形＞级其准砺 ①速些銃汁数字非常精輔。   - 他ｲn时目杯実施了精輔打去。 le他 11､]精輔地算出了我ｲl､]的位萱。 ￨@20年的时同，他叔累了大量精硝 可掌的盗料。   - 我们元法精密測量出両頴星之同的精輔距高。 精通jTngtOng ①他精通数学和汁算机。   - 他対人隊交往乞木非常精通。   - 他时 各秤这幼都ｲ艮精通。 ＠香香不伐精通英塔，而且会況多秤語言。   - 安全小
1054	精益求精	288				example_contains	0	
1055	精致	289	1001-1250.md	1108	精徴	example_contains	7	## 1108. 精徴  - ピンイン: jīng zhēng - 例文:   - 这是件非常精致的乞木品。   - 这小手机智起来恨精致。   - 主人 狼有品位，家里布葺得特別精致。   - 遮些画精致得恨，体現了作者 高超的蛤画技巧。 井jing   - 这ロ井很快就掩好了。 ＠人ｲi]毎天吃速ロ井里的水。   - 他ｲi] 准各再打両ロ井，解決潅減l可題。   - 这口井狼深，有好凡百米。   - 他的手机不小心拝到井里了。 - 例文ピンイン:   - zhè shì
1056	井	289	1001-1250.md	1108	精徴	example_contains	30	## 1108. 精徴  - ピンイン: jīng zhēng - 例文:   - 这是件非常精致的乞木品。   - 这小手机智起来恨精致。   - 主人 狼有品位，家里布葺得特別精致。   - 遮些画精致得恨，体現了作者 高超的蛤画技巧。 井jing   - 这ロ井很快就掩好了。 ＠人ｲi]毎天吃速ロ井里的水。   - 他ｲi] 准各再打両ロ井，解決潅減l可題。   - 这口井狼深，有好凡百米。   - 他的手机不小心拝到井里了。 - 例文ピンイン:   - zhè shì
1057	颈椎	289				example_contains	0	
1058	警告	289	1001-1250.md	1109	頚椎	example_contains	8	## 1109. 頚椎  - ピンイン: jǐng chuí - 例文:   - 他姑起来，活劫了一下頚椎。 ＠我頚椎癖，好几天了。   - 作遠 是頚椎病引起的失痛。   - 这家医院治方頚椎病ｲ良有名。   - 他友明 了治万頚椎病的好方法。 警告jinggdo ⑪他警告大家不要掌近那里。   - 他再三警告，那里非常危隆。   - 我早就警告进他，可他就是不肝。   - 我巳姪被他警告进一次了， 不敢再犯了。 ⑪他受到了学校的警告処分。   - 公司決定给他一小警告処分
1059	警惕	290	0501-0750.md	564	防止	example_contains	7	## 0564. 防止  - ピンイン: fángzhǐ - 例文:   - 我们要提高警惕，防止被骗。   - 蒸好菜子，防止水分蒸发得太快。   - 你要防止出现自满心理，争取取得更好的成绩。   - 伤口要及时处理，防止发炎。   - 他们已经做好一切准备，防止湖水泛滥。 - 例文ピンイン:   - wǒ men yào tí gāo jǐng tì ， fáng zhǐ bèi piàn 。   - zhēng hǎo cài zi ， fáng zhǐ shuǐ f
1060	竞赛	290	0001-0250.md	195	裁判	example_contains	9	## 0195. 裁判  - ピンイン: cáipàn - 例文:   - 他现在是一名专业的足球裁判。   - 这场比赛有三名裁判。   - 你们别争了，都听裁判的。   - 在比赛中运动员要服从裁判判罚。   - 这场球他裁判得很公正。   - 我们请竞赛委员会来裁判一下。   - 他裁判完了整场比赛。   - 这名裁判裁判得有问题，我们提出了申诉。 - 例文ピンイン:   - tā xiànzài shì yì míng zhuānyè de zúqiú cáipàn.
1064	境界	291	1001-1250.md	1112	敬業	example_contains	2	## 1112. 敬業  - ピンイン: jìng yè - 例文:   - く幼＞対自己的事並非常圦真、負責，用心倣 ⑪他愛尚、敬止，圦真地履行着自己的貴任。   - 服券員非常敬止， 硝保毎位顧客都満意。   - 大家都覚得張姪理是介非常敬止的人。   - ﾇ寸待速公敬止的員工，公司有特殊的发励力､法。   - 他的敬止精 神輔実値得我们学习。 境界jingjie く名＞事物所这到的程度或表現出的状況 ①地的水平己姪这到了狼高的境界。 ＠他希望自己的乞木能这到 一小理想的
1072	就职	293	2501-2750.md	2163	宣誓	example_contains	1	## 2163. 宣誓 - ピンイン: xuānshì - 例文:   - 新总统昨天已经宣誓就职了。   - 他们宣誓，一定要相爱一生。   - 队员们当众宣誓：保证完成任务。加入这个组织有一个宣誓仪式。   - 我们已经宣过誓了，肯定不会放弃。   - 哪有宣了誓不去执行的道理。 - 例文ピンイン:   - xīn zǒng tǒng zuó tiān yǐ jīng xuān shì jiù zhí le 。   - tā men xuān shì ， yí dìng 
1074	拘束	293	1001-1250.md	1117	就職	example_contains	1	## 1117. 就職  - ピンイン: jiù zhí - 例文:   - 新忌銃下今月就要就取了。   - 他的就取演説受到了人ｲi]的炊 迎。   - 他就取以来，枕行了一系列改革措施。   - 新校技返返没有 就取，不知道力什公。   - 他己姪力就取倣好了充分准各。 拘留jOlid ③他被公安机美拘留了。 ＠他们把嫌疑人拘留了起来。   - 警察拘 留了他6小小时。   - 他不知道力什公被拘留。   - 警察依法対他遊 行了拘留。 拘束jOshU ①猿子兄了隔生人
1075	居民	294	0501-0750.md	526	发动	example_contains	7	## 0526. 发动  - ピンイン: fādòng - 例文:   - 历史上我国发动过两次战争。   - 敌人又发动了新一轮进攻。   - 他发动了一场群众游行示威活动。   - 这场活动是学生们自己发动起来的。   - 小区发动居民搞环境卫生，取得了良好效果。   - 这次活动必须发动广大群众参加。   - 他们都发动起来了。   - 他对着大家发动了半天，也没有人响应。   - 汽车发动不了了。   - 这台机器很快就发动起来了。   - 我一会儿就去发动汽车。  
1077	鞠躬	294				example_contains	0	
1080	局势	295	0751-1000.md	1014	竭尽全力	example_contains	16	## 1014. 竭尽全力  - ピンイン: jiéjìnquánlì - 例文:   - 我们会竭尽全力帮助你。   - 对这件事情，我已经竭尽全力了。   - 当你竭尽全力仍然不能完成的时候，你也就没什么遗撼了。   - 我会竭尽全力做到最好。   - 他们正在竭尽全力应对目前的局势。   - 为办好这次运动会，各方都要竭尽全力。 - 例文ピンイン:   - wǒ men huì jié jìn quán lì bāng zhù nǐ。   - duì zhè jiàn 
1081	局限	295	1001-1250.md	1118	局勢	example_contains	2	## 1118. 局勢  - ピンイン: jú shì - 例文:   - 目前我国的錘沸局勢良好。   - 国隊局勢出現了儀張局面。   - 成 争正朝着时我们有利的局勢发展。   - 他ｲ￨､]采取措施，控制住了目前 的局勢。   - 国内的政治局勢穂定，老百姓安居示止。   - 我佃必緬 ﾇﾅ当前的局勢倣出正硝的判断。 局限jdxidn ⑪帯假日人们己姪不局限子待在家里休息。   - 由子时代的局限，他 的思想不可能这到那朴高度。   - 我们的生戸不能只局限子小屯器，
1086	举世瞩目	297				example_contains	0	
1087	举足轻重	297				example_contains	0	
1090	据悉	298	1001-1250.md	1126	振悉	example_contains	1	## 1126. 振悉  - ピンイン: zhèn xī - 例文:   - ︲ ③据悉，下小月将召升代表大会。   - 据悉， 目前全世界学況珸的 人数超进了一ｲ乙・   - 据悉，会双己姪単消了。   - 据悉，他茨得了 世界冠隼。   - 据悉，有三名同学没有通进考武。 - 例文ピンイン:   - ︲ ③ jù xī ， xià xiǎo yuè jiāng zhào shēng dài biǎo dà huì 。   - jù xī ，  mù qián quán s
1091	聚精会神	298	1001-1250.md	1127	聚精含神	example_contains	1	## 1127. 聚精含神  - ピンイン: jù jīng hán shén - 例文:   - 学生ｲil都在聚精会神地冴老師併深。   - 他学习聚精会神，外面 的声音完全没噺到。   - 代表ｲi]聚精会神地倣着妃乗。 ＠他倣起実 駿来聚精会神，不受外界千枕。 可 併 張 張 遠 把 他 遠 一 一 一 一 ③ 里 ◎ 屯 一 千 来 起 ○ 一 ︐ 一 一 升 始 一 子 袖 起 巻 他 一 一 一 − 一 一 子 以 ⑤ ・ 調 錐 大 巻 里 是 面 的 装 ③
1092	卷	298	1501-1750.md	1648	盲目	example_contains	1	## 1648. 盲目  - ピンイン: mángmù - 例文:   - 学可别太盲目了，一定要有明弱的目杯   - 因方家庭条件好，他有一秤盲目的伐越感   - 当初来远里真是盲目板了，什去都没想   - 学会思考,不要只是盲目地看拓。＠迄次我ｲI]一定不会再盲目行劫。一》耕一街辖一卷湖一就④一他１０９，１ｕ一细钩一特ルー②牟一ｌ升一的萢伸一共他洁一砕哗霊坐慈一北③色我ＦＭ。358荘然茂盛冒充冒犯 - 例文ピンイン:   - xuékěbiétàimángmùle，yíd
1093	决策	298				example_contains	0	
1096	绝望	299				example_contains	0	
1097	倔强	300				example_contains	0	
1098	军队	300	1751-2000.md	1497	气概	example_contains	10	## 1497. 气概  - ピンイン: qì gài - 例文:   - 在危险面前，他表现出了男子汉气概。   - 他英勇救人，具有英雄气概。   - 这支军队勇敢的气概让敌人害怕。他身上有一种军人气概。   - 他们不屈服于外来侵略，表现出了一种民族气概。 - 例文ピンイン:   - zài wēi xiǎn miàn qián，tā biǎo xiàn chū le nán zi hàn qì gài。   - tā yīng yǒng jiù rén，jù yǒu 
1099	君子	300	3501-3750.md	1778	疏远	example_contains	1	## 1778. 疏远  - ピンイン: shūyuǎn - 例文:   - 他ｲ耐一度交往狼 密初，但后来美系渐渐疏迄了。   - 他ｲ､的美系変得疏迄以后，渓会也就越来越深了。 <幼＞使失系変浴淡 ③周闰的同事疏迄他，使他元法升展エ作。   - ’＠他决定疏逸那些钓 君子，素近那些正宜敢言的人。   - 斫了远些活，他就身往日的朋友 疏逸了起来。   - 有了男朋友，地不自覚地疏迄了其他升性朋友。 ’ 束束簿村立■495 - 例文ピンイン:   - tāｲnàiyídùj
1100	卡通	301				example_contains	0	
1101	开采	301				example_contains	0	
1102	开除	301	2501-2750.md	2176	学历	example_contains	1	## 2176. 学历 - ピンイン: xuélì - 例文:   - 公司要求被聘人员具有大学学历。   - 他涉嫌学历造假，被开除了。   - 他学历不高，只是初中毕业。   - 不管什么学历，只要有能力就可以。   - 我们不完全看学历，更注重实际能力。 - 例文ピンイン:   - gōng sī yāo qiú bèi pìn rén yuán jù yǒu dà xué xué lì 。   - tā shè xián xué lì zào jiǎ ， bèi kā
1103	开阔	301				example_contains	0	
1104	开朗	302	1751-2000.md	1527	潜移默化	example_contains	1	## 1527. 潜移默化  - ピンイン: qián yí mò huà - 例文:   - 她父亲是京剧演员，她从小受到了潜移默化的影响。   - 在这个快乐的家庭中，他也潜移默化地变得开朗了。   - 长期生活在一起，他对你的影响是潜移默化的。   - 他身边的几个朋友对他潜移默化的影响是不能忽视的。 - 例文ピンイン:   - tā fù qīn shì jīng jù yǎn yuán，tā cóng xiǎo shòu dào le qián yí mò huà 
1105	开明	302	2501-2750.md	2323	愚味	example_contains	2	## 2323. 愚味 - ピンイン: yúwèi - 例文:   - 过去愚味的山村如今也开明起来。   - 愚味是很多罪恶的源头。   - 那是一群愚味无知的人。人类社会不断从味落后走向文明进步。   - 想出这个办法的人显得恶味可笑。   - 一定要想办法消除贫穷和愚味的根源。 - 例文ピンイン:   - guò qù yú wèi de shān cūn rú jīn yě kāi míng qǐ lái 。   - yú wèi shì hěn duō zuì è 
1106	开辟	302				example_contains	0	
1107	开水	303	1751-2000.md	1628	融化	example_contains	2	## 1628. 融化  - ピンイン: róng huà - 例文:   - 太阳一出来，地上的雪就开始融化。   - 春天来了，河里的冰慢慢融化了。   - 温暖的阳光融化了冰雪。?当温度上升到零度以上时，冰块就融化成了水。你浇点儿开水，这些冰很快就融化了。 - 例文ピンイン:   - tài yáng yī chū lái，dì shàng de xuě jiù kāi shǐ róng huà。   - chūn tiān lái le，hé lǐ de bīng m
1111	刊登	304	1001-1250.md	1141	開支	example_contains	1	## 1141. 開支  - ピンイン: kāi zhī - 例文:   - 〈名〉付出的費用 ①我没汁算进毎小月的升支。   - 家里最近升支ｲ艮大。   - 他一天的 升支超进了我一介月的生活街。   - 我現在得請省升支，准各要汽 牟。   - 毎天除了吃仮外，我没什公特別的升支。 刊登kdndeng .̲ . .̲ .‐ ̲ご≦ −−．− ‐ ．− ． . . ....... .. ,. ,.. .. ... . .. . ‐ ‐ −−．−． .=.− ..−．− ．
1113	勘探	304				example_contains	0	
1115	砍伐	305				example_contains	0	
1124	考验	307	0751-1000.md	921	记性	example_contains	7	## 0921. 记性  - ピンイン: jìxìng - 例文:   - 人老了，记性也越来越差了。   - 他的记性很好，小时候的事情全都记得。   - 为了考验大家的记性，他出了几道题。   - 这孩子没记性，说多少遍都记不住。   - 你长点儿记性好不好。   - 下次别去那么危险的地方了。 - 例文ピンイン:   - rén lǎo le， jì xìng yě yuè lái yuè chà le。   - tā de jì xìng hěn hǎo， xiǎo 
1125	靠拢	308				example_contains	0	
1128	磕	309				example_contains	0	
1129	可观	309				example_contains	0	
1131	可恶	309				example_contains	0	
1152	口气	315	1001-1250.md	1154	气	example_contains	9	## 1154. 气  - ピンイン: qì - 例文:   - 他的ロ完星得根不満。 ＠他忌是用命今的口气眼我ｲI]坑活。   - 他的口气突然变得泙粛起来。   - 他帯着軽松的口气説起了那段 冒険姪厨。 - 例文ピンイン:   - tā de ロ wán xīng dé gēn bù mǎn 。 ＠ tā jì shì yòng mìng jīn de kǒu qì yǎn wǒ ｲI] kēng huó 。   - tā de kǒu qì tū rán biàn d
1163	跨	319	1001-1250.md	1156	苦涯	example_contains	11	## 1156. 苦涯  - ピンイン: kǔ yá - 例文:   - く形＞①味道又苦又淫 ①速紳菊味道苦浬，唯以下咽。   - 他在山里就業吃这紳苦浬的野 果子生存｡￨③鉾竹箏用升水煮，就可以去拝苦浬味ﾉし｡￨④吐到最后， 老李覚得苦淫的胆汁都唾尽了。 ②形容生活愁苦ﾇ艮辛 ②況到成伎，他的表情星得狼苦浬｡'＠他有着一段苦浬的感情姪房， 至今不慮意提起。   - 他的笑容里怠是帯着一望辛酸和苦浬。   - 蚤 然域市进他们堂尽了苦浬，但是最鋒迩是容幼了他ｲil｡ ￨③提
1164	快活	320				example_contains	0	
1165	宽敞	320				example_contains	0	
1170	况且	321				example_contains	0	
1180	喇叭	325	0751-1000.md	945	尖锐	example_contains	2	## 0945. 尖锐  - ピンイン: jiānruì - 例文:   - 这根木棍很尖锐。   - 这种花儿有很尖锐的刺。   - 尖锐的笔尖把纸划破了。   - 认识客观事物深刻；（言论等）激烈他说话很尖锐，一点儿也不客气。   - 记者提出了一个尖锐的问题。   - 老师尖锐地指出了文章中的错误。   - 大家提的意见都很尖锐。   - 面对尖锐的批评，他一点儿也没生气。   - （声音）高而刺耳台下传来了孩子们尖锐的叫声。   - 汽车喇叭一响，尖锐刺耳。   - 
1181	蜡烛	325	0751-1000.md	883	火焰	example_contains	2	## 0883. 火焰  - ピンイン: huǒyàn - 例文:   - 远处的火焰照亮了天空。   - 蜡烛闪着红色的火焰。   - 炉子里的火焰很旺。   - 他被火焰烫伤了。   - 这种东西燃烧时会发出蓝色的火焰。 - 例文ピンイン:   - yuǎn chù de huǒ yàn zhào liàng le tiān kōng。   - là zhú shǎn zhe hóng sè de huǒ yàn。   - lú zi lǐ de huǒ yàn hěn 
1195	乐意	329				example_contains	0	
1196	雷达	329				example_contains	0	
1197	类似	329	1751-2000.md	1411	判决	example_contains	2	## 1411. 判决  - ピンイン: pàn jué - 例文:   - 今年法院判决了很多类似的案件。   - 法院依法判决了罪犯五年有期徒刑。   - 法院判决公司赔偿她一千元。   - 这个案件很复杂，短期内很难做出判决。   - 球迷认为这个球裁判员判决得不公正。 - 例文ピンイン:   - jīn nián fǎ yuàn pàn jué le hěn duō lèi sì de àn jiàn。   - fǎ yuàn yī fǎ pàn jué le zuì
1206	里程碑	332	1001-1250.md	1183	穫尚往来	example_contains	1	## 1183. 穫尚往来  - ピンイン: huò shàng wǎng lái - 例文:   - 対等的原則 ②进年进苓，素戚之'可免不了礼尚往来。   - 両国人民自古以来就 礼尚往来，友好相処。   - 本着礼尚往来的原則，我ｲl､]也咳准各好礼 物。   - 去年責公司坊'可了我ｲi]両次，礼尚往来，今年我ｲil也汁兜I到 貴公司学习先这姪験。 里程碑IYchengbei ①这条路上毎隔5公里就有一小里程碑。   - 新中国的建立是中国 厨史上的里程碑。   - 
1207	理睬	332				example_contains	0	
1208	理所当然	332	1001-1250.md	1184	理所営然	example_contains	1	## 1184. 理所営然  - ピンイン: lǐ suǒ yíng rán - 例文:   - ＬＪ I ①年軽人蛤老人进座，是理所当然的事。   - 作返到了，理所当然 要道款。   - 他是姪理，理所当然要考慮全面一些・   - 学生理所当 然要把学习放在第一位。 - 例文ピンイン:   - ＬＪ I ① nián zhì rén há lǎo rén jìn zuò ， shì lǐ suǒ dāng rán de shì 。   - zuò fǎn dào le ，
1212	力求	333	1001-1250.md	926	忌讳	example_contains	2	"## 0926. 忌讳  - ピンイン: jì huì - 例文:   - 〈名＞由子弓俗或十人原因，避免脱出某些活或倣出某科挙劫 ⑪作了解一下当地有什公忌讳。   - 我们別犯了速里的忌讳。   - ""4 在遠里是介忌讳数字。   - 我忘了作ｲi]的忌玲，清原涼。 〈劫＞力求避免或不希望出現（某些可能芦生消级后果的事） ⑪他忌讳人家説他接。 ＠我最忌滞 13 这小数字。   - 作速祥倣 可能是当地人最忌讳的。   - 人家忌讳説畔，作就別説了。   - 他ｲi] 忌讳河"
1229	联络	338	2251-2500.md	1901	通讯	example_contains	1	## 1901. 通讯  - ピンイン: tōngxùn - 例文:   - 他们的通讯设备很先进   - 我们一直保持着通讯联络   - 这里的通讯很不发达   - 报纸上的这篇通讯很有意思   - 这几篇通讯都是一个记者写的   - 他就是这篇通讯的作者   - 我正在学习怎么写通讯 - 例文ピンイン:   - tā men de tōng xùn shè bèi hěn xiān jìn   - wǒ men yì zhí bǎo chí zhe tōng xùn li
1239	邻舍	341				example_contains	0	
1257	流露	346	1501-1750.md	1256	流浪	example_contains	2	## 1256. 流浪  - ピンイン: liúlàng - 例文:   - 他小吋候有辻一段流浪的生活   - 他ｲ､是一群四辻流浪的人。且Ｌ346流浪流露流承流通③他在远小城-市流浪了狼久   - ﾇ寸子流浪ル童，他ｲ1]姶予了及吋的救助   - 他好像狼喜炊速秤流浪的日子。流露li6ID〈幼〉（感情、思想等）不自覚地表现出来⑪他膣上流露出了喜悦的表情。＠他元意中流露出了想高取的想法。le文章流露出了作者対家多的热爱   - 父母在该子面前，不要流露出焦急的情堵   - 
1259	流通	346	1501-1750.md	1258	流氓	example_contains	4	## 1258. 流氓  - ピンイン: liúmáng - 例文:   - 那群流眠己姪被警察抓起来了。＠我看他就像一小小流斌   - 违些流斌聚一起，肯定不千好事   - 他曾姪是街失流承，后来成了一名茜木家。②凋茂娼女的悪劣行方⑪警察在公共汽牟上抓住了一小要流斌的人   - 大家一致遣贵他的流义行方   - 夏天女弦ル穿得少，要提防那些要流斌的。流通lidt6ng〈劫＞①（杢気等）自由移动，不受阻碍③室内的空気要保持流通｡'＠n富美得大浮，空気流通不了   - 室内空気
1262	垄断	347				example_contains	0	
1265	炉灶	348				example_contains	0	
1273	论坛	350				example_contains	0	
1277	络绎不绝	351	2501-2750.md	2395	瞻仰	example_contains	3	## 2395. 瞻仰 - ピンイン: zhānyǎng - 例文:   - 他带孩子瞻仰了人民英雄纪念碑。   - 他默默地瞻仰着父亲的遗像。   - 他在烈士墓地前瞻仰了很久。   - 来烈士陵园瞻仰的人络绎不绝。 - 例文ピンイン:   - tā dài hái zi zhān yǎng le rén mín yīng xióng jì niàn bēi 。   - tā mò mò dì zhān yǎng zhe fù qīn de yí xiàng 。   - t
1288	迈	355	0751-1000.md	949	坚实	example_contains	4	## 0949. 坚实  - ピンイン: jiānshí - 例文:   - 这是一座非常坚实、高大的建筑。   - 他坚实的身体里有无穷的力量。   - 他已经打下了坚实的基础，可以进一步学习新内容。   - 这次会议标志着我们的合作迈出了坚实的一步。   - 他们为我们提供了坚实的法律保证。   - 他的学说为古代数学的发展奠定了坚实的理论基础。 - 例文ピンイン:   - zhè shì yī zuò fēi cháng jiān shí 、 gāo dà de jià
1289	脉搏	356				example_contains	0	
1296	茫茫	357				example_contains	0	
1302	魅力	359	1751-2000.md	1604	人格	example_contains	4	## 1604. 人格  - ピンイン: rén gé - 例文:   - 王老师的人格非常高尚。   - 他有着几乎完美的人格。   - 具有人格魅力是他成功的主要因素。   - 我们应当尊重每个人的人格。   - 这种有损人格的事情我不会做。 - 例文ピンイン:   - wáng lǎo shī de rén gé fēi cháng gāo shàng。   - tā yǒu zhe jī hū wán měi de rén gé。   - jù yǒu rén gé 
1309	萌芽	361	1251-1500.md	1308	门诊	example_contains	2	## 1308. 门诊  - ピンイン: mén zhěn - 例文:   - 星期天、珍照常菅止   - 张医生在看、珍，先别打枕地   - 我桂一介外科、珍的号   - 我去、珍部，不去住院部。萌芽蒙猛烈捗想361 - 例文ピンイン:   - xīng qī tiān、 zhēn zhào cháng jiān zhǐ   - zhāng yī shēng zài kàn、 zhēn， xiān bié dǎ zhěn dì   - wǒ guì yī jiè wài k
1310	蒙	361	1251-1500.md	1308	门诊	example_contains	5	## 1308. 门诊  - ピンイン: mén zhěn - 例文:   - 星期天、珍照常菅止   - 张医生在看、珍，先别打枕地   - 我桂一介外科、珍的号   - 我去、珍部，不去住院部。萌芽蒙猛烈捗想361 - 例文ピンイン:   - xīng qī tiān、 zhēn zhào cháng jiān zhǐ   - zhāng yī shēng zài kàn、 zhēn， xiān bié dǎ zhěn dì   - wǒ guì yī jiè wài k
1313	咪	362				example_contains	0	
1354	魔术	374	1751-2000.md	1466	破例	example_contains	2	## 1466. 破例  - ピンイン: pò lì - 例文:   - 这个制度执行很多年了，谁也不能破例。「   - 这回的魔术表演，我就破例让你看看背后的秘密。   - 他的情况特殊，你就破一次例吧。   - 不管怎样，我们不能破这个例。 - 例文ピンイン:   - zhè ge zhì dù zhí xíng hěn duō nián le，shuí yě bù néng pò lì。「   - zhè huí de mó shù biǎo yǎn，wǒ jiù pò
1360	模样	376	2251-2500.md	2053	掀起	example_contains	1	## 2053. 掀起  - ピンイン: xiānqǐ - 例文:   - 他掀起盖子一看，里面什么都没有   - 他掀起了姑娘头上的布，看清了她的模样   - 他掀起被子就往外跑   - 工人们掀起井盖，下到井中工作   - 海上掀起一阵阵浪花   - 海风一吹，掀起巨大的波浪   - 湖水起了波涛，一场大雨就要来临了   - 汽车经过的时候，掀起一阵风   - 进入上世纪80.年代后，中国掀起了改革的浪潮   - 当时曾经掀起了一场技术革命   - 他们掀起了一场罢工运动
1365	拿手	378	0501-0750.md	794	好客	example_contains	2	## 0794. 好客  - ピンイン: hào kè - 例文:   - 他非常好客，有很多朋友。   - 好客的女主人热情地招待了我们。   - 我嫂嫂很爱好客，会给我们做地道的拿手菜。   - 他总是那么好客，用最好的酒菜招待我们。   - 他们全家人热情好客，非常友好。 - 例文ピンイン:   - tā fēi cháng hào kè ， yǒu hěn duō péng yǒu 。   - hào kè de nǚ zhǔ rén rè qíng dì zhāo 
1373	恼火	380				example_contains	0	
1378	嗯	381				example_contains	0	
1382	捏	382	2251-2500.md	2055	闲话	example_contains	2	## 2055. 闲话  - ピンイン: xiánhuà - 例文:   - 他喜欢说别人的闲话   - 你不要听那些闲话   - 我们要做到不捏造闲话，不传播闲话   - 他听到了一些关于自己的闲话，很生气   - 这些闲话也不知道是谁编出来的   - 我们那天说了会儿闲话   - 闲话就不说了，现在开始讲课   - 老人们在一起无非就是说说闲话   - 我们谈的都是些闲话，没有什么重要的事 - 例文ピンイン:   - tā xǐ huān shuō bié rén de 
1389	扭转	384				example_contains	0	
1390	纽扣儿	384				example_contains	0	
1391	农历	385	1751-2000.md	1495	起义	example_contains	5	## 1495. 起义  - ピンイン: qǐ yì - 例文:   - 在古代，中国农民曾多次起义。「   - 那时候各地纷纷起义，反抗统治者。   - 他们准备在农历八月十五日那天起义。秦朝末年，农民发动了大规模起义。   - 敌人的部队已经起义了。   - 这次起义持续了十年，后来还是失败了。 - 例文ピンイン:   - zài gǔ dài，zhōng guó nóng mín céng duō cì qǐ yì。「   - nà shí hòu gè dì fēn 
1394	挪	386				example_contains	0	
1535	悄	426	2501-2750.md	2164	喧哗	example_contains	1	## 2164. 喧哗 - ピンイン: xuānhuá - 例文:   - 图书馆内，任何人不得大声喧哗。   - 他的出场引来台下一片喧哗。   - 这种声音如果在喧哗的大街上，就不会引起人们的注意。   - 大厅里静悄悄的，听不到往日喧哗的声音。   - 老人勿匆穿过喧哗拥挤的大街，走进了邮局。 - 例文ピンイン:   - tú shū guǎn nèi ， rèn hé rén bù dé dà shēng xuān huá 。   - tā de chū chǎng 
1597	嚷	444				example_contains	0	
1631	揉	454				example_contains	0	
1632	儒家	454				example_contains	0	
1633	若干	455				example_contains	0	
1634	弱点	455				example_contains	0	
1635	撒谎	456	1751-2000.md	1449	品行	example_contains	1	## 1449. 品行  - ピンイン: pǐn xíng - 例文:   - 他的品行不好，经常撒谎骗人。   - 学校应该培养学生高尚的品行。   - 他具有很好的品行，我们都很信任他。他谦虚的品行赢得了人们的尊重。 - 例文ピンイン:   - tā de pǐn xíng bù hǎo，jīng cháng sā huǎng piàn rén。   - xué xiào yīng gāi péi yǎng xué shēng gāo shàng de pǐn xíng。
1636	腮	456				example_contains	0	
1754	视线	488	3001-3250.md	2422	遮挡(遮)	example_contains	3	## 2422. 遮挡(遮)  - ピンイン: zhē dǎng(zhē) - 例文:   - 她用固中遮挡着脸，谁也看不清她是谁。「前面的楼遮挡住了   - 阳光，我们的屋子很暗。他故意遮挡我的视线，不让我看见前面   - 的路。1这块塑料布可以帮你的自行车遮挡风雨。   - 草原上没什么遮挡，羊很容易被发现。1你就用这块布做遮挡   - 吧。   - 我们用这块板子作为遮挡，别人就看不见了。 - 例文ピンイン:   - tā yòng gù zhōng zhē dǎng 
1755	视野	488	3501-3750.md	1753	视频	example_contains	2	## 1753. 视频  - ピンイン: shìpín - 例文:   - ’ 488■■祝频视践视野是非 机都帯祝频功能。   - 学校采用迄程视频教学，大大提高了教学效 率。   - 学校保存有尻届半止生的祝频奇料，随时可以涡出来。   - ’ ＠演许者一辺播放祝叛，一辺并解。 - 例文ピンイン:   - ’ 488■■zhùpínshìjiànshìyěshìfēi jīdōudàizhùpíngōngnéng。   - xuéxiàocǎiyòngqìchéngshì
1760	收藏	489	3501-3750.md	1756	是非	example_contains	7	## 1756. 是非  - ピンイン: shìfēi - 例文:   - 他具有根强的谍别是非 的能力。   - 休息公是非不分，批坪起我ｲi]来了？   - 他没有判断是 非的能力，狼容易上当。 ②矛盾；钏纷 ⑪他ｲi]之同有根多是非。   - @我不想加入到他ｲ､的是非中。   - 远些 是非都是他一介人惹出来的。   - 他,急是喜炊制造狼多是非，然后肴 熟饲。   - 他来送里，帯助解决了不少是非。 造宜逝世捧放收藏 - 例文ピンイン:   - tājùyǒugēn
1780	束	495	2001-2250.md	1781	束缚	heading_contains	64	## 1781. 束缚  - ピンイン: shù fù - 例文:   - 我的視力下降了，看不清楚黒板上的字。   - 看弔要注意休息，保 鈩好視力。   - 他平吋視力就不大好，怠是圦錯人｡   - 作去医院栓査 栓査祝力'巴。   - 我的視カー宜根好。   - 他的左眼視力越来越差。 ’ - 例文ピンイン:   - wǒ de shì lì xià jiàng le ， kàn bù qīng chǔ hēi bǎn shàng de zì 。   - kàn dià
1976	维生素	548	2251-2500.md	1974	维持	example_contains	1	## 1974. 维持  - ピンイン: wéichí - 例文:   - 我们要想办法维持当前的和平局势   - 维持社会稳定，是经济发展的前提   - 我们的粮食还可以维持一个月   - 没有水，生活就维持不下去了   - 他的生命维持不了多长时间了   - 如果能维持住目前的经营状况就很不错了   - 我们要学会维护自己的权利   - 全世界人民都在维护世界和平   - 他们采取各种办法，维护产品的信誉   - 大家的利益要靠大家来维护   - 每个公民都会维护自己国家
1980	委员	549	2251-2500.md	1979	委托	example_contains	7	## 1979. 委托  - ピンイン: wěituō - 例文:   - 我委托他买一张飞机票   - 他能自己办的事情，决不委托别人   - 这件事情我就委托给你了   - 我已经委托了护理公司照顾这个孩子   - 请放心，你委托的事我们一定办好   - 受邻居委托，我要照看他家的房子   - 这些委员提的建议都很好   - 前三排座位是留给委员们的   - 他现在是中央委员   - 我们班靠投票选出了生活委员   - 所有的妇女委员都同意这么做 - 例文ピンイン:   
1999	乌鸦	554				example_contains	0	
2008	无可奈何	557	2251-2500.md	2007	无可奉告	example_contains	1	## 2007. 无可奉告  - ピンイン: wúkěfènggào - 例文:   - 对于这件事，我们无可奉告   - 关于这个问题，暂时无可奉告   - 这是商业秘密，真的无可奉告   - 这件事还没有结论，实在是无可奉告   - 他一句“无可奉告”，把我们打发出来了   - 我们问什么，他都用“无可奉告”来应付   - 他不同意，我也无可奈何   - 对这个结果大家都无可奈何   - 他无可奈何地叹了口气说：“我也管不了   - 汽车出现故障，司机脸上一副无可奈何的样
2009	无力	558	0001-0250.md	210	苍白	example_contains	1	## 0210. 苍白  - ピンイン: cāngbái - 例文:   - 他的脸色很苍白，好像生病了。   - 苍白的灯光下，他显得很孤独。   - 这场突发事故把他吓得面色苍白。   - 他的脸色苍白，不知道说什么好。   - 简单的说教显得苍白无力。   - 他的辩解在事实面前显得很苍白。   - 再多的华丽词语，也掩盖不了内容的苍白。   - 这篇文章感情色彩不浓厚，文字也显得很苍白。 - 例文ピンイン:   - tā de liǎnsè hěn cāngbái, 
2015	无知	559	2251-2500.md	2014	无忧无虑	example_contains	6	## 2014. 无忧无虑  - ピンイン: wúyōuwúlǜ - 例文:   - 他从小过着无忧无虑的生活   - 这些孩子每天无忧无虑，幸福极了   - 他就是在这种无忧无虑的环境中长大的   - 我以后会让父母过上无忧无虑的日子   - 看着他们无忧无虑的样子，我很欣慰   - 每天的生活无忧无虑，多好哇   - 你太无知了，这些都是骗人的   - 他们是因为无知才干出这种事的   - 他利用这些人的无知骗了很多钱   - 因为无知，所以容易上当受骗   - 这群无知
2027	物证	562				example_contains	0	
2038	喜闻乐见	566	2251-2500.md	2037	媳妇	example_contains	1	## 2037. 媳妇  - ピンイン: xífù - 例文:   - 他快40岁了，还没有媳妇   - 我媳妇出差了，家里没人做饭   - 这家的男人出去打工了，家里只剩下媳妇和小孩儿   - 老王家的儿媳妇非常孝顺   - 他想找个媳妇，两个人好好儿过日子   - 相声是群众喜闻乐见的一种艺术形式   - 这里文化生活很丰富，既有展览馆，也有人们喜闻乐见的街头音乐会   - 他们用青年人喜闻乐见的方式推销产品   - 摔践是当地喜闻乐见的一种运动   - 他将理论解释得通
2052	纤维	570	2251-2500.md	2051	先前	example_contains	1	## 2051. 先前  - ピンイン: xiānqián - 例文:   - 我先前不知道他是美国人   - 先前我们合作得很好，后来出了些问题   - 他先前没告诉我这些情况，我现在才知道   - 我们先前是最好的朋友，后来因为合作问题闹了   - 先前我们应该做一些准备工作，现在已经晚了   - 植物中含有丰富的纤维   - 合成纤维服装具有不易变形的特点   - 人的肌肉里包含许多纤维组织   - 这种棉花的纤维很长   - 天然气是制造合成纤维的重要原料 - 例文ピ
2100	协议	584	3001-3250.md	2519	终止	example_contains	5	## 2519. 终止  - ピンイン: zhōng zhǐ(zhōng zhǐ) - 例文:   - 因为某些原因，他们终止了合同。   - 如果一方违反协议，该协议   - 将立刻终止。「双方都愿意终止这种非正常的关系。   - 方订立的，一方私自终止不了。   - 大会开始前，大家都终止了交谈。 - 例文ピンイン:   - yīn wèi mǒu xiē yuán yīn，tā men zhōng zhǐ le hé tóng。   - rú guǒ yī fāng w
2101	协助	584				example_contains	0	
2102	携带	584	0001-0250.md	253	钞票	example_contains	2	## 0253. 钞票  - ピンイン: chāopiào - 例文:   - 你出门不用带太多钞票。   - 他身上携带了大量钞票。   - 通货膨胀来临，政府大量印刷钞票。   - 你找男朋友，不能只看他有多少钞票。   - 我手里的钞票都花完了，只能借钱了。 - 例文ピンイン:   - nǐ chūmén bú yòng dài tài duō chāopiào.   - tā shēnshàng xiédài le dàliàng chāopiào.   - tōng
2103	写作	584	2001-2250.md	2123	礼裁	example_contains	9	## 2123. 礼裁  - ピンイン: lǐ cái - 例文:   - 他把逗篇小坑改鎬成了戒刷的体裁，荻得了好坪。   - 老師向我 ｲI]介詔了不同体裁的写作特点。le在体裁上，我更傾向子用散文表 迭感情。   - 各秤文学体裁都可以表現愛情。   - 作者善子使用散文 体裁来描写大自然的魅力。 - 例文ピンイン:   - tā bǎ dòu piān xiǎo kēng gǎi hào chéng le jiè shuā de tǐ cái ， dí dé le h
2106	屑	585	0001-0250.md	164	不屑一顾	example_contains	1	## 0164. 不屑一顾  - ピンイン: bùxièyīgù - 例文:   - 他对于老师提出的要求不屑一顾。   - 如果以欺骗的手段获得名誉，我真的不屑一顾。   - 他最不屑一顾的就是这些表面的风光。   - 他对这些过时的样式完全不屑一顾。   - 他那种不屑一顾的样子让我很生气。   - “作者根本不会画画儿”，他不屑一顾地评论着。 - 例文ピンイン:   - tā duìyú lǎoshī tíchū de yāoqiú bùxièyīgù.   - rúg
2116	欣慰	588	2001-2250.md	2215	典忧窯虑	example_contains	3	## 2215. 典忧窯虑  - ピンイン: diǎn yōu yáo lǜ - 例文:   - 〈成悟〉没有任何脆慮 ⑪他圦小辻着元'比元慮的生活。   - 遠些弦子毎天元'比元慮，幸福扱 了。   - 他就是在送秤元'比元慮的坏境中挨大的。   - 我以后会辻父 母辻上元'比元慮的日子。   - 看着他ｲ､元'比元慮的祥子，我ｲ艮欣慰。   - 毎天的生活元'此元慮， 多好珪！ - 例文ピンイン:   - 〈 chéng wù 〉 méi yǒu rèn hé cuì l
2119	新郎	589				example_contains	0	
2122	薪水	590				example_contains	0	
2130	行政	592	2751-3000.md	2526	重心	example_contains	4	## 2526. 重心  - ピンイン: zhòng xīn - 例文:   - 你的重心太靠前了，站不稳   - 由于失去了重心，地样例了。！滑冰的时候，存注意调整身体的重心   - 字握好重心，就容另做到平衡。重心丹州周边周密事情的中心或主要部分今年的工作重心不变，还是经济建设   - 他办事总是能够抓住重心，所以效率很高。学生什么时候都不能离开学习这个重心。舟zhou名船（常用于书面语）几只小舟涤流在大海上。古人曾来着木丹漂洋过海。探险队员驾着张舟在波滚中前进。海上风平
2131	形态	592				example_contains	0	
2132	兴高采烈	593				example_contains	0	
2133	兴致勃勃	593	1751-2000.md	1435	偏偏	example_contains	1	## 1435. 偏偏  - ピンイン: piān piān - 例文:   - 我不让他喝酒，他偏偏要喝。   - 父母让我去美国读书，我偏偏不去。   - 他明明知道事情的原因，却偏偏不告诉我。   - 我昨天着急找你，偏偏你的手机关着。   - 我们兴致勃勃地去春游，可偏偏下起雨来了。   - 我多么希望在这次聚会时见到她呀，可偏偏她没来。   - 表示范围小，相当于「只」「就」大家都同意这个计划，偏偏经理不同意。   - 这么多人里边，她为什么偏偏喜欢你？   - 同
2144	雄厚	596	3751-4000.md	2588	姿态	example_contains	5	## 2588. 姿态  - ピンイン: zītài - 例文:   - 大厅里有很多雕像，姿态各异。   - 她照相时，经常摆出各种各样的姿态。   - 她走路的姿态非常优美。   - 礼仪小姐姿态优雅，表情自然大方。   - 神情；态度会谈时，他摆出一副无所谓的姿态。   - 他想掩饰自己慌张的姿态，但还是被人察觉了。   - 她总是以一种积极的姿态对待生活。   - 他们是以胜利者的姿态出现的。   - 这家公司规模很大，资本雄厚。   - 工厂在服务方面投入了很多资本
2148	修建	597	2501-2750.md	2168	悬崖峭壁	example_contains	9	## 2168. 悬崖峭壁 - ピンイン: xuányáqiàobì - 例文:   - 山谷两边是悬崖峭壁。   - 这些悬崖峭壁谁都爬不上去。   - 这段古代长城建在悬崖峭壁上，非常壮观。   - 他们硬是在悬崖峭壁上修建了一条公路。   - 一走进公园，抬头就可以看见上千米的悬崖峭壁。 - 例文ピンイン:   - shān gǔ liǎng biān shì xuán yá qiào bì 。   - zhè xiē xuán yá qiào bì shéi dōu 
2149	修理	597	2001-2250.md	2105	損壊	example_contains	13	## 2105. 損壊  - ピンイン: sǔn huài - 例文:   - 弟弟故意根坏了我的銅毫。   - 休根坏了人家的玻璃，厘咳賠 僖。   - 迭台机器被他ｲi]根坏了， 己姪不能用了。   - 遠些屯器根坏 得根浮重，需要修理。   - 作要保管好送些糸西，防止受到根坏。 - 例文ピンイン:   - dì di gù yì gēn huài le wǒ de tóng háo 。   - xiū gēn huài le rén jiā de bō lí ， lí
2150	修养	598				example_contains	0	
2151	羞耻	598				example_contains	0	
2152	绣	598				example_contains	0	
2266	乙	631	2001-2250.md	2230	总婦	example_contains	10	## 2230. 总婦  - ピンイン: zǒng fù - 例文:   - 他快40歩了，逐没有嬉短。   - 我嬉短出差了，家里没人倣仮。   - 送家的男人出去打工了，家里只剰下鍵灼乖小弦ル。   - 老王家 的ル娼短非常孝順。   - 他想我小嬉短，両卜人好好ル辻日子。 ’ ７ 壱 画 一 半 艮 ＃ 活 一 生 ヒ イ 丈 里 遠 一 ② ｎ ｛ 、 （ 〕 一 Ｃ Ｑ ■ Ⅱ Ⅱ Ｊ 一 始 一 式 、 一 形 唯 一 水 ｖ ｌ １ 一 Ｘ 一 井 乙 ｊ 一 
2281	翌	635				example_contains	0	
2282	阴谋	635	2501-2750.md	2279	毅力	example_contains	4	## 2279. 毅力 - ピンイン: yìlì - 例文:   - 他凭着顽强的毅力登上了山顶。   - 他就是靠这股毅力战胜了对手。   - 他有着超过常人的毅力。   - 我们都感叹他惊人的毅力。   - 攀岩运动可以磨炼孩子们的毅力。   - 在最困难的时候，就看谁的毅力更强，谁更能坚持。   - 毅然翼阴谋音响635医 - 例文ピンイン:   - tā píng zhe wán qiáng de yì lì dēng shàng le shān dǐng 。   -
