source_file	seq	headword	page	sentence_no	sentence_clean
0001-0250.md	81	备份	23	8	我的备份在另外一个U盘里存着。
0251-0500.md	265	沉重	73	4	雅价后，他党得姪沸負担比辻去 況重了ｲ艮多。
0251-0500.md	267	陈旧	73	1	屋子里的家具ｲ艮除旧。
0251-0500.md	267	陈旧	73	3	他掌出 了一些陳旧的照片蛤我ｲi 肴。
0251-0500.md	268	陈列	73	2	我ｲl, 把最新的芦品陳列在大斤 里。
0251-0500.md	273	成本	75	1	利潤ｲ艮大。
0251-0500.md	273	成本	75	2	我ｲ｢ 根据生声成本輔定价格。
0251-0500.md	273	成本	75	4	我ｲ ､1合理控制了成本，所以价格可 以雄持不変。
0251-0500.md	274	成交	75	2	最近我ｲil成交了両芝生意。
0251-0500.md	274	成交	75	5	他ｲ､的成交价格比根价ｲ氏一些。
0251-0500.md	276	成效	75	4	我ｲi 巳姪看到了 教学改革的成效。
0251-0500.md	277	成心	76	1	他成心制造矛盾，想看熟l制。
0251-0500.md	283	承诺	77	1	老人劫作返簔，但服各員ｲ艮有耐心。
0251-0500.md	283	承诺	77	2	由子交通梱堵，我ｲ1 的牟 走一会ﾉし停一会ﾉし。
0251-0500.md	283	承诺	77	3	工程透展狼退援，我ｲi 都狼着急。
0251-0500.md	284	城堡	77	2	父素承諾ｲ艮期帯我去中国旅涛。
0251-0500.md	285	乘	78	2	他ｲi 当吋共建了狼多城塗。
0251-0500.md	285	乘	78	7	我 ，ｲ､乗火牟到北京需要20本小吋。
0251-0500.md	287	盛	78	4	休把菜盛到盆子里ﾛ巴。
0251-0500.md	287	盛	78	7	家西太 多，包里盛不 F了。
0251-0500.md	288	惩罚	78	6	迭次怒罰蛤他的教うI1根深刻。
0251-0500.md	288	惩罚	78	9	他ｲi 制定了評格的怒罰措施。
0251-0500.md	289	澄清	79	3	e迄小 可題我需要澄清一下。
0251-0500.md	289	澄清	79	4	他再三澄清了他ｲi 之 司的美系。
0251-0500.md	298	持久	81	3	他ｲ､需要的是持久的未平，而不是暫吋的停火。
0251-0500.md	299	赤道	81	4	我ｲi 国家在赤道以北。
0251-0500.md	300	赤字	81	2	他ｲl, 的目杯是両年内消天赤字。
0251-0500.md	302	充沛	82	2	我ｲ､要圦清遠秤行方的五 悪本願。
0251-0500.md	304	充足	83	2	I 我ｲil有充足的把握取得腔利。
0251-0500.md	304	充足	83	13	他ｲ､向致方友起了ﾝ中去。
0251-0500.md	304	充足	83	20	他ｲil〉中突辻好凡次了。
0251-0500.md	304	充足	83	23	r坊上爆友了暴カン中突。
0251-0500.md	318	出路	86	5	他ｲi 正在考慮衣止的出路同題。
0251-0500.md	318	出路	86	8	芦品我不到出路，工人ｲi 恨着急。
0251-0500.md	318	出路	86	12	我ｲ､不会出圭変履食品。
0251-0500.md	318	出路	86	17	我ｲI 大相信他了，錯果都被他出実了。
0251-0500.md	319	出卖	86	4	i 下午侍迭上扱丈件，清大家券必出 席。
0251-0500.md	321	出神	87	4	学生ｲ ､1所得出了神，一幼也不 劫。
0251-0500.md	324	初步	88	1	我ｲ11制灯了一小初歩汁卸1 ,清悠看看。
0251-0500.md	324	初步	88	3	我ｲI 初歩想了一下比慕程序。
0251-0500.md	324	初步	88	4	我ｲ11吋迄次活功遊行 了初歩頽算。
0251-0500.md	325	除	88	2	の我ｲi 不能処分錯了人。
0251-0500.md	325	除	88	4	我ｲ11己錘処分辻 他一次了，姑果他又犯錯涙了。
0251-0500.md	326	处分	89	1	他をII立了一耕新的思想体系。
0251-0500.md	327	处境	89	4	迭秤 芝木形式有t'l新之処，値得鼓励。
0251-0500.md	327	处境	89	5	返秤没汁是建筑史上的6'l新。
0251-0500.md	328	处置	89	1	我ｲi 要妥善虻登遠些阿題。
0251-0500.md	328	处置	89	5	他ｲ ､ 提高了虻董突友事件的能力。
0251-0500.md	329	储备	89	2	我ｲi 最好 以皮対材料价格上舐辻快。
0251-0500.md	329	储备	89	4	工人ｲ'1将儲各的石失、木料迄到了工地。
0251-0500.md	329	储备	89	5	他ｲl､1有充足的線食儲各。
0251-0500.md	330	储存	90	2	我ｲ'､ 先把遠些雑食儲存起来回巴。
0251-0500.md	330	储存	90	4	他ｲﾛ把外江儲存起来，等 甦要吋再用。
0251-0500.md	331	储蓄	90	3	我ｲl､ 附近 有一小備蓄所。
0251-0500.md	333	川流不息	91	4	他解決了屯机垂宜起嘔的l可題。
0251-0500.md	335	传达	91	3	在迭里付姶遮小I可題鈍粋是浪涜吋同。
0251-0500.md	336	传单	91	2	他ｲl､ 之同一宜保持着鈍浩的 友遁。
0251-0500.md	336	传单	91	4	我ｲ ､ 要鈍浩民族的塔言文字。
0251-0500.md	336	传单	91	5	升除他，是力了鈍浩我ｲi 的叺伍。
0251-0500.md	337	传授	92	2	送本河典枚了ｲ艮多反落常用 河ｼに。
0251-0500.md	338	船舶	92	4	他ｲ'1以制造大型船舶 力主。
0251-0500.md	340	串	92	3	我有ｲ艮多 乗音磁帯，休喜炊斫什公都可以。
0251-0500.md	348	炊烟	95	8	送几天他ｲi 又凄合到一起了。
0251-0500.md	348	炊烟	95	9	他ｲ11凄合了八九小人玩ル涛或去了。
0251-0500.md	348	炊烟	95	10	我不想眼他ｲi 凄合，喜 炊待在家里看名。
0251-0500.md	349	垂直	95	8	e他的怒火事上軍-下，圧押不住了。
0251-0500.md	349	垂直	95	10	我ｲn打得致人家逃西軍。
0251-0500.md	352	纯洁	96	1	双方瑳商解決了速小l可題。
0251-0500.md	352	纯洁	96	2	姪辻反夏瑳商，他ｲ､迭成了一致。
0251-0500.md	352	纯洁	96	3	淡判双方就辺界l可題展升了瑳商。
0251-0500.md	352	纯洁	96	4	他ｲ､巳姪公布了瑳商鈷果。
0251-0500.md	355	慈祥	97	1	他ｲ､是岡球双打的最佳搭桜。
0251-0500.md	355	慈祥	97	3	我ｲﾛ是 老搭格了，彼此根熟悉。
0251-0500.md	355	慈祥	97	4	我ｲl､ 現在是生意上的搭桔。
0251-0500.md	355	慈祥	97	6	他ｲ11搭稽倣起了生意。
0251-0500.md	355	慈祥	97	7	我ｲ､搭格打阿球双打，巴。
0251-0500.md	355	慈祥	97	8	他価搭桔 得ｲ艮愉快。
0251-0500.md	355	慈祥	97	9	我ｲI 一起搭枯辻五六年。
0251-0500.md	356	磁带	97	5	我们现在学外语，已经不用磁带了，用CD。
0251-0500.md	357	雌雄	97	4	送坊比幕他ｲi 要一決雌雄。
0251-0500.md	357	雌雄	97	5	@今天我ｲI 価要決出雌雄。
0251-0500.md	357	雌雄	97	7	， 他ｲi 水平相当，唯分雌雄。
0251-0500.md	358	次品	98	2	我ｲi 要保江履量，不出次品。
0251-0500.md	358	次品	98	4	由子技木原因，工r生戸出的遠批声品履 Cl量不合格,成了次品｡ 力了目便宜,他笑的都是次品。
0251-0500.md	359	次序	98	2	我ｲl､ 按先后次序亦理入学手袋。
0251-0500.md	359	次序	98	3	剛 オ的次序迂ｲ良好，現在又乱了。
0251-0500.md	360	伺候	98	5	他ｲl､ 雇了小保簿伺候妬妨。
0251-0500.md	362	从容	99	1	戎士ｲi 狼狼打去了侵略者。
0251-0500.md	362	从容	99	4	作不要打去他ｲl､ 的叔扱性。
0251-0500.md	369	搓	101	1	我ｲi 公司就在那座大夏力公。
0251-0500.md	369	搓	101	3	最 近几年，違里建起了ｲ艮多高楼大夏。
0251-0500.md	370	磋商	101	1	他ｲ ､ 大津破坏坏境，受到了有美部、的怒罰。
0251-0500.md	370	磋商	101	4	他ｲ'1居然大 津宣伶假冒釣劣芦品。
0251-0500.md	370	磋商	101	5	他ｲi 大津槁破坏活幼，泙重枕乱了社会 秩序。
0251-0500.md	374	搭配	103	5	他価搭配得ｲ艮好，取得了阿球双打冠隼。
0251-0500.md	375	达成	103	1	他ｲl, 迭成了一致的意見。
0251-0500.md	375	达成	103	2	美子价格l可題，双方己錘速成坊奴。
0251-0500.md	375	达成	103	3	他ｲi ｲ艮快就迭成了一致。
0251-0500.md	375	达成	103	4	他ｲ､己錘迭成共択，彼此不再提辻 去的事。
0251-0500.md	376	答辩	103	3	他帯領我 ｲ､来到一同会双室。
0251-0500.md	376	答辩	103	4	r技素自帯領大家殿嫁身体。
0251-0500.md	376	答辩	103	9	在姪理的帯領下，今年的硝僅止錆有了ｲ艮大提高。
0251-0500.md	377	答复	104	1	我己姪答夏了他的l可題。
0251-0500.md	377	答复	104	2	我ｲi 会在三天之内答夏作。
0251-0500.md	377	答复	104	6	我ｲi 繁子等到了他的答夏。
0251-0500.md	378	打包	104	2	途些玩具他一件一件打包，都成 了送蛤猿子ｲi 的好礼物。
0251-0500.md	378	打包	104	6	速些菜我ｲI1打包帯走。
0251-0500.md	378	打包	104	7	服各員，剰下的遠些瀞我ｲl, 打包，巴。
0251-0500.md	378	打包	104	8	我ｲi 吃不完，只好打包了。
0251-0500.md	381	打架	105	3	我看 見他ｲi 在打架，就根警了。
0251-0500.md	381	打架	105	5	我 躍他ｲ11打了一架。
0251-0500.md	385	大不了	106	7	不用担心，大 不了我ｲi 重倣一遍。
0251-0500.md	386	大臣	106	1	皇帝不斫大臣ｲ､的遠小建双。
0251-0500.md	386	大臣	106	4	ｲ艮多大臣要求修改迄卜決 双。
0251-0500.md	392	大致	107	3	姪理大致同意了我ｲl､ 迭小汁則。
0251-0500.md	392	大致	107	9	大致在20号前后，我ｲi 就考完了。
0251-0500.md	392	大致	107	14	夛徒ｲﾛ 看到警察，立刻就鞄。
0251-0500.md	394	代价	108	1	力了救人，我ｲ ､ 要不惜一切代价。
0251-0500.md	394	代价	108	3	在身致人的成斗中，我ｲ､也付出了況重的代价。
0251-0500.md	396	带领	109	1	我ｲﾛ査一下桔案就清楚了。
0251-0500.md	396	带领	109	3	婆子槁清了迭小l可題。
0251-0500.md	397	怠慢	109	1	我ｲi 不要怠慢了客人。
0251-0500.md	397	怠慢	109	2	他吋推都ｲ艮熟情，没怠慢任何一位来 宴。
0251-0500.md	398	逮捕	109	4	逮捕他的吋候，我ｲ､都在現場。
0251-0500.md	399	担保	109	2	， 老ﾘ市把弦子ｲ､的理想尋向 更崇高的方向。
0251-0500.md	399	担保	109	3	， 我ｲﾛ会把多余的黄金尋向市場。
0251-0500.md	399	担保	109	4	我ｲi 要友拝興沿的手向作用。
0251-0500.md	399	担保	109	7	他ｲl､ 最大限 度地友拝了盗金的尋向作用。
0251-0500.md	400	胆怯	110	4	我ｲ､要坐小船オ能到迭那些島坊。
0251-0500.md	401	诞辰	110	2	別在遠ル掲乱了，我ｲi 都忙着泥。
0251-0500.md	402	诞生	110	2	商坊姪菅得不好，面II岳着倒用｡ 公司 己姪倒用好凡小月了。
0251-0500.md	402	诞生	110	3	在市場〉中去下,ｲ艮多小公司瀕'悔倒用。
0251-0500.md	403	淡季	110	1	現在是抜群淡季，蒋客ｲ艮少。
0251-0500.md	403	淡季	110	2	淡季的吋候，我ｲi 基本都号根。
0251-0500.md	403	淡季	110	4	在服装梢僖淡季，我ｲi 打ｲ艮ｲ氏的折和促鏑。
0251-0500.md	406	当场	111	1	他当場画了一幅画送蛤我ｲi ｡ 他当場演唱了迭首外国民歌。
0251-0500.md	407	当初	111	1	我ｲi 当初己姪説好了忠公分配。
0251-0500.md	407	当初	111	5	我ｲi 当初就不皮咳鈷婚。
0251-0500.md	409	当面	112	6	当着他的面，我ｲi 不方便 税遠些。
0251-0500.md	410	当前	112	3	他ｲi 日夜守候在江辺，防止致人登陵。
0251-0500.md	410	当前	112	4	他ｲﾛ汁戈'l明天 早晨登院。
0251-0500.md	410	当前	112	7	我ｲl, 的芦品要尽快登院各地市場。
0251-0500.md	411	当事人	112	4	作ｲl1的小人信息都登乗下来了。
0251-0500.md	411	当事人	112	7	同学ｲﾛ可以登乗相美阿姑査均成翁。
0251-0500.md	411	当事人	112	8	美子公司的具 1体情況，休可以登乗我ｲi 的阿姑。
0251-0500.md	413	当心	113	2	， 我ｲl､ 是按商品等扱来輔定价 格的。
0251-0500.md	413	当心	113	3	， 我ｲﾛ要消除等扱汎念，樹立平等意沢。
0251-0500.md	413	当心	113	4	他ｲi 提高了警 戒的等扱。
0251-0500.md	413	当心	113	6	他ｲl.1在挑逸人 オ方面打破了等級的限制。
0251-0500.md	415	党	113	2	雨季来I1台前，他ｲi 修 筑好了堤双。
0251-0500.md	415	党	113	5	大水〉中段了堤双，蛤人ｲI 的財戸造成了 巨大根失。
0251-0500.md	416	档案	114	4	他ｲI､ ﾇﾅ迭些人采取了致祝志度。
0251-0500.md	417	档次	114	3	le我 ｲI 巳姪平安抵迭中国。
0251-0500.md	417	档次	114	5	作ｲi 抵迭后 清立即通知家人。
0251-0500.md	420	导向	115	2	他価巳姪i司到了不沈活的地歩。
0251-0500.md	421	岛屿	115	1	迭里地勢高ｲ氏不平。
0251-0500.md	421	岛屿	115	2	水忌是往地勢ｲ氏的地方流。
0251-0500.md	421	岛屿	115	3	我ｲi 所赴 的地勢非常容易被故人友現。
0251-0500.md	421	岛屿	115	5	他ｲl､ 守在地勢隆要的地方，防止致人遊攻。
0251-0500.md	422	捣乱	115	2	科学家ｲ､研究了迄里的地欣姑 杓。
0251-0500.md	423	倒闭	115	2	遠小具衣民的收入近両年毎年逓増10％。
0251-0500.md	423	倒闭	115	3	遠家公司的梢僅額以毎小季度3％的速度速増。
0251-0500.md	424	盗窃	116	5	姪辻一天一夜的顛簸，我ｲi 婆子到迭了目 的地。
0251-0500.md	425	稻谷	116	3	他ｲi 迄稗行力是顛倒是非， 混清黒白。
0251-0500.md	425	稻谷	116	5	我ｲl. 的錯婚典礼是在中国奉力、 的。
0251-0500.md	429	得罪	117	3	他ｲ、 把那午坑塾平了。
0251-0500.md	430	灯笼	117	1	他ｲ艮'膳う己在国外留学的ル子。
0251-0500.md	430	灯笼	117	3	他ｲi 又在惟妃老人的財澆了。
0251-0500.md	431	登陆	117	1	我ｲi 友展姪沸是力提高生活水平莫定基砒。
0251-0500.md	431	登陆	117	8	那只猫把老鼠呵在ﾛ欝里了。
0251-0500.md	432	登录	118	3	e迄是用象牙雌刻成的乞未品。
0251-0500.md	432	登录	118	7	公国里有ｲ艮多離刻。
0251-0500.md	433	蹬	118	2	学生ｲ､力老校挨立起了一座雛塑。
0251-0500.md	433	蹬	118	3	迄 我恨喜炊速些雛塑，セイl､ 都非常逼真。
0251-0500.md	435	等级	119	1	休的工作我ｲi 暫吋元法渦劫。
0251-0500.md	435	等级	119	3	他ｲl､ 通辻物履芙励 渦劫大家的叔扱性。
0251-0500.md	435	等级	119	5	汎 次的情堵ｲ艮唯被渦劫起来。
0251-0500.md	439	抵达	120	3	我那天可芸人了，説錯了ｲ艮多活。
0251-0500.md	441	抵制	120	1	作力家道主，我感謝大家的光'I台。
0251-0500.md	441	抵制	120	2	@今天我是糸道主，作ｲl. 啄我 安排就是了。
0251-0500.md	445	递增	121	3	在那小劫蕩的年代，人ｲl､ 普遍鉄乏安全 感。
0251-0500.md	446	颠簸	121	1	他的犯罪劫机我ｲ､述不清楚。
0251-0500.md	446	颠簸	121	2	他沈遠秤活的劫机是什Zh。
0251-0500.md	446	颠簸	121	3	他的劫机狼筒羊，就是想激怒我ｲ､。
0251-0500.md	447	颠倒	122	4	休去打斫一下他ｲi 的劫静。
0251-0500.md	447	颠倒	122	5	快辻苓了，往年公司会蛤我ｲ､友。
0251-0500.md	449	典型	122	3	有了笑励，他ｲl､ 的幼力就会更大。
0251-0500.md	450	点缀	122	4	le医生蛤他測量了劫泳血圧。
0251-0500.md	451	电源	123	1	我ｲI 明天早晨5点劫身去机坊。
0251-0500.md	451	电源	123	4	他ｲ､一大早就劫身了。
0251-0500.md	451	电源	123	5	我ｲl､ 現在劫身不算晩，別大着急。
0251-0500.md	452	垫	123	3	我 ｲi 幼手晩了，票都巽完了。
0251-0500.md	452	垫	123	7	我ｲﾛ只在 一辺看，不会幼手掌。
0251-0500.md	453	惦记	123	2	我ｲl､ ﾇﾅ幼悉的姪沸活幼遊行了盤控。
0251-0500.md	454	奠定	124	1	我ｲi 幼ヌ了一百人参加途次植村活劫。
0251-0500.md	454	奠定	124	4	我ｲl､ 得再功員一次， 争取辻更多的人扱名。
0251-0500.md	455	叼	124	2	天気根冷，水ｲ艮快就凍鈷成 了水。
0251-0500.md	455	叼	124	7	我ｲi 上ｲ乙元的盗金被廉姑了不 能使用。
0251-0500.md	457	雕塑	124	2	走在碇哨的山崖上，我ｲ ､ 都根 害伯。
0251-0500.md	464	定期	126	2	他最近迷上了賭博，輸了ｲ艮 多銭。
0251-0500.md	464	定期	126	4	他ｲ､非法賭博，被抓了 起来。
0251-0500.md	470	董事长	128	3	他ｲﾛ断断禁袋地花了両年吋同， 完成了迄頓渦査工作。
0251-0500.md	471	动荡	128	3	圦 那件事以后，我ｲ､読物底断絶了美系。
0251-0500.md	471	动荡	128	4	他ｲi 矛盾根深，早就断絶 了往来。
0251-0500.md	471	动荡	128	5	他ｲ､恢夏了断絶三年的美系，又成了好朋友。
0251-0500.md	473	动静	129	3	lex 些人排成了両排臥伍。
0251-0500.md	473	动静	129	4	学生ｲI 的叺伍排得根整芥。
0251-0500.md	473	动静	129	7	我ｲ､的千部叺伍忌体是好的。
0251-0500.md	473	动静	129	8	他半止后加入了工人叺伍， 成了一名工r技水員。
0251-0500.md	473	动静	129	10	到了叺伍上，要好好ルカII錦。
0251-0500.md	473	动静	129	11	le速是 一支能移保工国家、保杉人民的叺伍｡ 我ｲi 的叺伍打了根多腔仗。
0251-0500.md	474	动力	129	1	対一方己姪遠反合同，我ｲ､必領身上想出対策。
0251-0500.md	474	动力	129	3	力了緬防意外友生，我ｲI 己姪制定了洋如的 ﾇﾅ策。
0251-0500.md	474	动力	129	4	対子突友事故，作ｲi 要想好ﾇ寸策。
0251-0500.md	475	动脉	129	10	途鞆自行牟蚤然ｲ艮旧，但逐可以対付着騎。
0251-0500.md	475	动脉	129	12	桟不到冥循，我ｲi 就在火牟姑ﾇﾅ付 一晩禰巴。
0251-0500.md	476	动身	130	1	他ｲil巳姪対抗了恨技吋同。
0251-0500.md	481	栋	131	1	針-ﾇ寸緊急情況，我ｲi 采取了対座的措施。
0251-0500.md	481	栋	131	2	@如果友生 可題，他 ｲ､会采取ﾇﾅ厘的方案。
0251-0500.md	481	栋	131	3	針対芙票誰的 可題，他ｲ､想了ｲ艮多ﾇ寸厘的 亦法。
0251-0500.md	481	栋	131	4	我実在淡不出両者之l司的対座美系。
0251-0500.md	481	栋	131	8	違里的建筑高ｲ氏不同，彼 此対皮。
0251-0500.md	482	兜	131	2	我ｲl, 先対照杯准栓査了自己 的工作。
0251-0500.md	482	兜	131	4	我ｲl､ 対照先透，我出了 差距。
0251-0500.md	482	兜	131	5	只要作ｲ､互相ﾇﾅ照一下，就会友現各自的鉄点。
0251-0500.md	485	都市	133	5	老ｿ市走迭教室， 同学ｲi 頓吋安静下来。
0501-0750.md	512	多元化	140	2	我ｲi 采取多元化的管理力、 法，渦劫全体取エ的叔扱性。
0501-0750.md	512	多元化	140	4	随着市物的変化，人ｲi 旅群的方式也越来越多元化。
0501-0750.md	579	废寝忘食	159	3	＠他敷ｲ斤不辻去了，只好坑了実活
0501-0750.md	580	废墟	159	3	我ｲi]的力､法是
0501-0750.md	588	分明	162	1	托摸（抚模)fUm6
0501-0750.md	589	分歧	162	2	娼娼托券了我ｲi]三小兄弟
0501-0750.md	589	分歧	162	4	他圦小把我ｲ､托恭大，イ艮不容易
0501-0750.md	589	分歧	162	6	小都根健康。’＠苓苓托券了我五年，我得根答他
0501-0750.md	590	分散	162	2	⑪登上楼頑花国，可以傭祝整小我市。’＠圦大空傭祝地球，可以
0501-0750.md	594	粉末	163	2	遮秤液体ﾇﾅ皮朕有腐蝕作用。’＠汚水泙重腐蝕了船只、杯梁
0501-0750.md	594	粉末	163	7	徳。’＠他立场堅定，是不会被不良风気腐蝕的。，④物疏上的誘
0501-0750.md	594	粉末	163	8	惑腐銭不了我的臭魂。’＠如果不加彊学才，根容易被落后的思想
0501-0750.md	595	粉色	164	2	遠些木失巳姪腐朽了。’＠速秣材死了以后也不会腐朽
0501-0750.md	595	粉色	164	6	我ｲi]要拠存-腐朽的旧
0501-0750.md	595	粉色	164	8	他ｲi]推翻了腐朽的封建制度
0501-0750.md	596	粉碎	164	2	i ④他現在的家庭负担狼重
0501-0750.md	596	粉碎	164	5	都呼ﾛﾁ威軽弦子ｲi]的深上负担
0501-0750.md	600	丰盛	165	5	那天我ｲi]吃得恨半盛，什公
0501-0750.md	601	丰收	165	2	今年的絞食又半收了。’＠衣民ｲ､達禁三年荻得半收
0501-0750.md	605	风气	167	5	渇。’＠他腹渇得房害，只好住院治方
0501-0750.md	605	风气	167	7	一夜没睡好。’＠晩上千万別凍着肚子，否則容易引起腹湾
0501-0750.md	607	风土人情	167	4	＠他正在上深泥，別去千枕他
0501-0750.md	607	风土人情	167	8	{i]圦来没干挑辻他的正常生活
0501-0750.md	609	封闭	168	2	迭秤机器能迭行自我渦控，不常人工干預。’＠在他的干頽下，我
0501-0750.md	609	封闭	168	3	ｲ､只好改変了倣法
0501-0750.md	611	封锁	168	5	他ｲl､]想在姪沸上封械我ｲ､
0501-0750.md	611	封锁	168	6	他ｲl､]封锁了所有消息,我ｲl､]
0501-0750.md	614	奉献	169	3	他ｲl､]干効ｲ艮足，就是不知道悠
0501-0750.md	617	敷衍	170	2	船根快就要到港ロ了。’＠遠是北方重要的港ロ減市
0501-0750.md	617	敷衍	170	3	ロ毎天送出的船只ｲ艮多
0501-0750.md	617	敷衍	170	4	力了友展姪沸，他ｲ､加快了港ロ建没
0501-0750.md	626	抚摸	173	2	大家的叔扱性非常高雅。’＠面対生活的不幸，他不但没有友心
0501-0750.md	626	抚摸	173	5	家都熱情高雅。’＠比募前臥員ｲl､]士気高雅，有信心李収腔利
0501-0750.md	629	辅助	173	3	我主要補助錘理倣些工作。’＠助
0501-0750.md	630	腐败	174	3	我賂牌上起了小癌溶。’＠域子咬了我
0501-0750.md	630	腐败	174	8	⑪他ｲ｢]之l司的姥溶解升了，又成了好朋友
0501-0750.md	631	腐烂	174	2	r场上有狼多鶴子
0501-0750.md	633	腐朽	175	2	＠迄篇文章歌噸了怖大的祖国。’＠迭首歌歌噸了他吋改革升放的
0501-0750.md	633	腐朽	175	3	我ｲ｢]要大力歌噸他的英雄事迩
0501-0750.md	633	腐朽	175	5	区的蒔歌。’＠他的事迩被到虻歌噸着
0501-0750.md	636	附件	176	2	工作量己姪列在附件中了。’＠遠价丈件有三介附件
0501-0750.md	637	附属	176	2	圦那件事升始，他ｲ､的美系有了隔周。，②力了房子，兄弟之同
0501-0750.md	637	附属	176	3	声生了隔'河。’③他ｲ
0501-0750.md	637	附属	176	4	､]消除了地域隔I河，加強了洵通。，④浮重的対
0501-0750.md	637	附属	176	5	抗加深了他ｲ
0501-0750.md	637	附属	176	6	､]的感情隔周。，⑤我ｲ､交往狼自然，没有隔周矛ﾛ障碍
0501-0750.md	638	复活	176	4	象｡'＠両支球叺込要迭行一场夏活募｡
0501-0750.md	639	复兴	177	1	＜名＞①単介JL的人或生物
0501-0750.md	639	复兴	177	2	我ｲi]対他ｲ､的卜体分別送行了研究
0501-0750.md	639	复兴	177	6	我ｲi]既要考慮到令体利益，更要照砿到集体利益
0501-0750.md	640	副	177	3	我ｲl.1可以先各杼己几，最
0501-0750.md	640	副	177	5	清休ｲl,]各杼己凡，有什公況什公
0501-0750.md	641	副作用	177	3	遠蒻服用后，芦生了ｲ艮大的副作用
0501-0750.md	641	副作用	177	4	遠件事休最好不管，否則ｲ艮容易戸生副作用
0501-0750.md	642	赋予	178	5	核子ｲ､都姑在了家挨眼前
0501-0750.md	643	富裕	178	5	他眼随领等出国坊l可去了
0501-0750.md	644	腹泻	178	8	我ｲﾛ吋戸品遊行了跃畭渦査
0501-0750.md	649	干旱	179	2	公国里有狼多妻工茜品的。’＠他狼喜炊当地的工乞品
0501-0750.md	649	干旱	179	3	了几件工乞品作力記念。’＠迄是当地有名的工茜品
0501-0750.md	651	干涉	180	2	他倣事恨公道，大家都ｲ艮満意
0501-0750.md	651	干涉	180	3	我ｲ11厘当公道
0501-0750.md	651	干涉	180	5	我覚得他送祥倣不公道，打去了我ｲl､]的叔扱
0501-0750.md	651	干涉	180	6	公道地説，作ｲi]的水平通有差距
0501-0750.md	654	感慨	181	3	⑪我ｲn列介公式就能解決速小'可題
0501-0750.md	654	感慨	181	5	我ｲﾛ学了恨多化学公式｡
0501-0750.md	655	感染	181	4	最近公券繁忙，没吋同迄劫。’＠遠是我的公秀，清悠配合一下
0501-0750.md	660	港湾	182	8	港湾里停着ｲ艮多货給
0501-0750.md	661	杠杆	182	3	明晩我ｲ､就友劫攻去
0501-0750.md	661	杠杆	182	4	面攻去，我ｲ11掩鈩
0501-0750.md	661	杠杆	182	5	他ｲi]攻去三天了，偶然没取得腔利
0501-0750.md	661	杠杆	182	8	我ｲl､]反吋任何形式的人身攻去
0501-0750.md	662	高超	183	5	我凡辻根多技乞高超的人，他ｲi]
0501-0750.md	664	高峰	183	4	ｲl.1順利地登上了迄座山的高峰
0501-0750.md	667	高尚	184	7	他高尚的品徳値得我ｲ､敬仰
0501-0750.md	670	告辞	185	2	⑪谢谢悠的招待,我ｲI]告辞了。’＠客人巳姪告锋了
0501-0750.md	670	告辞	185	3	了，我ｲl､]得向悠告锋了。’＠不打枕悠了，我先告锋了
0501-0750.md	675	割	186	5	他至今ｲ乃然一小人辻着孤独的生活
0501-0750.md	678	格局	187	2	他皐负了我ｲI]ﾇ寸他的期望
0501-0750.md	678	格局	187	4	＠体遠祥徴，不是皐负了失心休的人喝
0501-0750.md	689	更新	190	3	他固執得狼，我ｲ11都説服
0501-0750.md	690	更正	190	4	送小句子有l可題，需要更正一下
0501-0750.md	692	工夫	191	5	他在学会中担任了三年願l可
0501-0750.md	692	工夫	191	6	41.]需要一位願l可来報助我ｲi]出主意
0501-0750.md	696	公告	192	4	下午我ｲi]一起去技域汎光
0501-0750.md	696	公告	192	5	我ｲﾛ迎来了首批汎光的客
0501-0750.md	698	公民	192	2	速小地区不ﾘﾖ我ｲﾛ管轄
0501-0750.md	698	公民	192	6	我ｲi]元叔超越自己的管轄萢園
0501-0750.md	699	公婆	192	2	我ｲI､]堅決贯初上级的政策
0501-0750.md	699	公婆	192	3	我ｲi]贯初和平自主的方针，友展
0501-0750.md	699	公婆	192	4	対外美系。’＠在比幕中我会把迭紳耕樗精神贯御到底。’＠上级的
0501-0750.md	699	公婆	192	5	指示得到了ｲ艮好的贯初
0501-0750.md	704	公正	194	2	大F日的光輝照耀看大地
0501-0750.md	705	公证	194	3	他的光輝思想照耀着我ｲi]前逃
0501-0750.md	708	功效	195	4	秤功效。’＠迄耕草有止血的功效
0501-0750.md	712	供给	196	3	工r的原材料都由我ｲi]供
0501-0750.md	712	供给	196	5	我ｲI､]会没法供姶爽
0501-0750.md	712	供给	196	7	市场上的供蛤ｲ艮充足，不用担心供不厘求的情況
0501-0750.md	713	宫殿	196	3	我ｲ､参汎了那里的宮殿。’＠遠座
0501-0750.md	713	宫殿	196	6	他ｲ､友現了一座古代的地下宮殿
0501-0750.md	715	巩固	196	4	有ｲ艮多支持者
0501-0750.md	716	共和国	197	2	他被逃拳力共矛ﾛ国主席
0501-0750.md	716	共和国	197	4	⑬姪辻挨期的努力，他ｲl,]鼠葵领手全国人民建立了共和国
0501-0750.md	719	勾结	197	2	他ｲi]互相勾鈷，坑害消黄者
0501-0750.md	719	勾结	197	4	他ｲI]勾錯起来逃行作編
0501-0750.md	719	勾结	197	6	我友現他ｲi]早就暗中勾姑了
0501-0750.md	720	钩子	198	2	休把衣服桂在钩子上p巴。’＠蝿子栓在了一介钩子上
0501-0750.md	727	古怪	200	3	違身古怪的打扮引起了人ｲi]的注意
0501-0750.md	727	古怪	200	5	他的行力豆得ｲ艮古怪，我ｲ､都元
0501-0750.md	728	股东	200	3	遠件事他ｲﾛ不辻我辻'可
0501-0750.md	728	股东	200	5	休皮当辻l可一下他的生活，看看他有什玄
0501-0750.md	731	鼓动	201	3	我ｲﾛ鼓幼他一起去旅涛ﾛ巴
0501-0750.md	731	鼓动	201	4	我ｲl.]都鼓勃起来了
0501-0750.md	732	固然	201	8	使得不到我ｲ､也叔累了姪聡
0501-0750.md	733	固体	201	2	水的固体状悉是水。’＠人ｲ､常凡的金属都是固体的
0501-0750.md	734	固有	201	4	e迄片島均是我国的固有领土
0501-0750.md	748	惯例	205	3	返耕倣法不是我ｲ､的友明
0501-0750.md	748	惯例	205	5	作按照'備例処理迄件事就可以了。’＠我己姪打
0501-0750.md	748	惯例	205	7	我ｲl.]以前没有遠方面的惯例
0501-0750.md	749	灌溉	205	7	他ｲi]在叔扱想力､法ガ大潅淡面釈
0501-0750.md	750	罐	205	3	遠些炊料有瓶装的，有罐装的。’＠迄
0751-1000.md	751	光彩	206	2	速件衣服光彩鲜明。’＠速几件文物依然保存着当初的光彩
0751-1000.md	751	光彩	206	5	得冠卑是件根光彩的事情。’＠ル子考上了重点大学，蛤他膣上
0751-1000.md	753	光芒	206	3	大F日的光芒刺得他吟不升眼
0751-1000.md	754	光荣	207	1	光茉（光榮)gudngr6ng
0751-1000.md	754	光荣	207	5	保鈩坏境是一ｲ分ｲ艮光茉的工作
0751-1000.md	755	广阔	207	1	⑪富外是一片f-周的田野
0751-1000.md	755	广阔	207	4	在地球之外，是f-周元辺的大空世界
0751-1000.md	757	归还	207	2	⑪我会身上ﾘﾖ迩速些圏名。’＠我巳姪把自行牟ﾘﾖ逐姶他了
0751-1000.md	758	归纳	208	2	他ﾘﾖ幼了送朴現象戸生的几点原因。’＠大家的意几可以ﾘﾖ幼成
0751-1000.md	758	归纳	208	4	我ｲ､ﾘﾖ幼了旅涛需
0751-1000.md	759	规范	208	4	迭些制度规萢了人ｲl,]的行方
0751-1000.md	759	规范	208	6	我ｲ､以后要遊一歩规萢汽牟交
0751-1000.md	762	规章	209	2	⑪他吋r里的规章制度提出了改逃建汲
0751-1000.md	762	规章	209	4	他ｲ､的根告在制定政策和规章吋起到了重要作用
0751-1000.md	767	国防	210	7	ﾇ寸青少年皮咳加張国防教育，彊化他ｲl､]的国家塊念
0751-1000.md	768	国务院	211	4	我ｲil会依照国各院的精神処理遠起事故
0751-1000.md	769	果断	211	2	他処理同題非常果断。’＠司机果断珠下了刹牟，避免了事故友
0751-1000.md	769	果断	211	3	公司果断倣出決定，立即停止梢僖l可題洪品。l③正是由子
0751-1000.md	770	过渡	211	3	上高中了，他ｲ､将
0751-1000.md	773	过滤	212	5	我ｲi]戈'l船戈'l得恨辻癖
0751-1000.md	795	耗费	218	6	hé呵，这里真漂亮。
0751-1000.md	810	狠心	222	10	他狠下一条心，一定要通过这次HSK六级考试。
0751-1000.md	836	花瓣	229	6	花蕾hualei这朵花蕾很快就会开的。
0751-1000.md	871	会晤	238	5	贿赂（）huiliu他们想贿赂法官，这是不可能的。
0751-1000.md	887	讥笑	242	6	饥饿（）ji'é他两天没吃东西，非常饥饿。
0751-1000.md	901	激励	246	2	他ｲi]通进坪比活劫 激励先这。
0751-1000.md	901	激励	246	5	伐秀的文学作品可以激励 人ｲl､]的精神和斗志。
0751-1000.md	901	激励	246	6	姪理的美心时員エイl,]戸生了一秤激励作用。 激情jTqing ⑳文学創作是需要激情的。
0751-1000.md	905	级别	247	2	新沃珸水平考武分力六小级別。 ，④我的级別ｲ氏，エ 奇也ｲ氏。
0751-1000.md	907	极限	247	2	我佃想挑域级限， 鍛蛛自己的勇气。 le这是一秤这合青少年参与的级限这劫。
0751-1000.md	907	极限	247	4	目前的海洋 捕携己姪到一介级限数量了，不可能再増投了。 即便jibidn 也 搭配 ⑪即便他不去，我们几令人也要去ﾉ爬一惟域。
0751-1000.md	909	即将	248	2	他即将上任了，心里多少 有些不安。 ＠天上島云密布j菰示着一場大雨即将来'￨台。
0751-1000.md	909	即将	248	3	即将 到来的考拭进他党得ｲ艮緊張。
0751-1000.md	909	即将	248	5	这些珍稀的幼物即将圦地球上消失。 急功近利jig6ngjinl1 ③一些急功近利的商人出僅假冒芦品，完全不碩社会貴任。 ＠作 大急功近利了，迩是厘咳圦枝这考慮。
0751-1000.md	909	即将	248	7	我ｲl､]不槁急功近利的工程，逐是要狼抓履量。
0751-1000.md	922	记载	251	3	他的う己性根好，小时候的事情全 都氾得｡'＠力了考聡大家的寸己性，他出了凡道題｡￨③遠核子没う己性， 説多少遍都氾不住。
0751-1000.md	926	忌讳	253	4	我忘了作ｲi]的忌玲，清原涼。 〈劫＞力求避免或不希望出現（某些可能芦生消级后果的事） ⑪他忌讳人家説他接。 ＠我最忌滞 13 这小数字。
0751-1000.md	926	忌讳	253	7	他ｲi] 忌讳河得太多，休最好少打所。 季度jidu ⑪我们完成了第一季度的生戸汁戈'1．
0751-1000.md	928	季军	253	1	〈名＞寛奏中的第三名 ＠蚤然我ｲl､]没掌到冠正竿，但取 得了季军。
0751-1000.md	928	季军	253	4	季卑肯定是弛了， 同祥値得祝彌。 迩象jixitlng ⑪遠些迩象表明，他ｲI]来进这里。
0751-1000.md	928	季军	253	5	我ｲi]圦秤紳述象判断出了遠 介錯采。
0751-1000.md	931	继往开来	254	1	＠这首音示在音尿史上起到了謎往升来的作用。
0751-1000.md	931	继往开来	254	2	他ｲi]決心继往 升来，把遠碩事並遊行下去。
0751-1000.md	931	继往开来	254	3	他ｲl']表示要娃往升来，继禁探索下 去。
0751-1000.md	931	继往开来	254	4	速是继往升来的一代，未来属子他ｲi]｡ ￨⑤両国青年人担負 I 着促透両国友痘继往升来的重要貴任和使命。 寄托jltu6 ①这部作品寄托了作者的理想。 ＠父素把希望全部寄托在弦子身 上。
0751-1000.md	941	家喻户晓	257	5	対子達頓政策，我ｲI1要进群炊家喻户晓。
0751-1000.md	948	坚韧	259	8	速 次会双杯志着我ｲ｢]的合作辺出了堅実的一歩。
0751-1000.md	959	检验	262	1	廃品要姪进栓聡オ能出r・ ＠这些猪肉巳姪栓駿进了，都是合 格的。
0751-1000.md	959	检验	262	4	我巳姪知道了栓詮姑果，皮咳没￨可題。 剪彩ji6n//c6i ③明天将挙行大梼通牟剪彩ｲ又式。 ＠公司升止的时候，有重要人 物来剪彩。
0751-1000.md	959	检验	262	5	展蒐升幕当天，我ｲ￨､]会安排剪彩。
0751-1000.md	966	见解	264	1	く名＞対事物的看法 ③他的兄解ｲ艮有道理。
0751-1000.md	966	见解	264	4	別看他年経，却ｲ艮有政治見解。
0751-1000.md	986	降临	270	1	他没想到，幸福ｲ艮快就降'￨岳了。
0751-1000.md	986	降临	270	2	遠坊灸唯降'l岳得大突然，人ｲl､] 竺毫没有准各。 ＠当夜幕降'悔的时候，河辺来了恨多散歩的情侶。
0751-1000.md	986	降临	270	3	我希望好这能尽快降'l岳到我失上。
0751-1000.md	986	降临	270	4	一小小生命降'l台到了人￨可。 交叉jidochd ①前面是一小交叉路ロ。
0751-1000.md	986	降临	270	5	他ｲl､]的行駛路践交叉了。
0751-1000.md	986	降临	270	8	我ｲ￨､]ﾇ寸遠両章的内容交叉着介 B J F 戸 詔。 le各小部、的工程交叉遊行，保征明年就可以完工。
0751-1000.md	995	角落	273	3	l每个角落都要打扫干净，不要有遗漏。
1001-1250.md	1025	津津有味	281	1	我ｲ､需要筌汀一小名面合同。
1001-1250.md	1025	津津有味	281	5	我ｲ
1001-1250.md	1033	进展	283	1	这小渦査这展得ｲ艮順利。
1001-1250.md	1033	进展	283	2	我ｲl､]要想か法社工作加快向前这 展。
1001-1250.md	1033	进展	283	5	姪进双方努力，会淡有了ｲ艮大透展。
1001-1250.md	1034	近来	283	2	近来我ｲl､]的美系有了新的逃展。
1001-1250.md	1034	近来	283	3	苓 苓近来的健康情況ｲ艮好。
1001-1250.md	1034	近来	283	4	由子人員渦劫，近来我ｲi]部、人手減 少了恨多。
1001-1250.md	1034	近来	283	5	近来本市交通事故減少了根多。 ﾛ
1001-1250.md	1039	茎	285	1	燕子用一些草茎、泥土等搭寓。 ＠植物的茎蚤然多紳多祥，但都 能生叶和友芽。
1001-1250.md	1040	经费	285	1	今年的亦公姪街ｲ艮緊張。
1001-1250.md	1040	经费	285	2	我ｲi]面II岳着姪雷不足的l可題。
1001-1250.md	1040	经费	285	3	我 ｲl.]自等了一部分姪涜，用予科学研究。
1001-1250.md	1040	经费	285	4	他ｲi]在想力､法ガ大姪欝来 源。
1001-1250.md	1042	经纬	285	3	他们算出来的姪弗度ｲ艮精輔。
1001-1250.md	1042	经纬	285	5	通进GPS,毎採村都輔立了姪弗度坐杯。 ＦＪ■ 校工作了，姪商去了。
1001-1250.md	1042	经纬	285	6	ｲ也没有多少姪商的姪聡，返両年賠了不少 銭。
1001-1250.md	1043	惊动	286	1	安静的囹名億里，他急促走略的声音掠劫了大家｡￨②他正在睡覚， 不要 隙幼他了｡￨③我不想 原劫休ｲl,],所以就情消来了｡￨④他遠次来， 没有 涼幼任何人。
1001-1250.md	1044	惊奇	286	2	斫着他的故事，大家都椋奇地吟大 了眼晴。 ＠他露出了椋奇的表情。
1001-1250.md	1044	惊奇	286	4	我ｲl､]椋奇地发现了他的秘密。
1001-1250.md	1044	惊奇	286	5	ev斤到遠小消息，他,陳奇了 半天。
1001-1250.md	1046	兢兢业业	286	2	公司需要多一些像他返去就 競止jk的人。
1001-1250.md	1046	兢兢业业	286	3	我ｲl,1厘咳学习他遠秤競銃止止的精神。
1001-1250.md	1047	精打细算	287	2	我们我不多了，姓領精 打如算了。 ＠他精打如算地省下了一毛域。
1001-1250.md	1047	精打细算	287	4	我ｲi]需要透一歩精打如算，降ｲ氏 成本。
1001-1250.md	1048	精华	287	1	京刷是中国戒曲乞木的精隼。 ＠他吸取了这秤理给的精隼，創 立了自己的学沈。
1001-1250.md	1048	精华	287	4	汎炊可以在短时l可内看到更 多精隼的糸西。
1001-1250.md	1049	精简	287	2	公司遠両年精简了不少 章有些地方述可以遊一歩精简。 精密jTngml ①遠些都是精密仗器，要小心搬这。
1001-1250.md	1049	精简	287	4	科学家ｲ｢]这行了精密汁算，得出了遠小数字。
1001-1250.md	1049	精简	287	5	他ｲi]精密地測算 出了両地的実豚距高。 ＠返件宝瓜工茜非常精密，乞木价偵狼高。 ■四コ 人員。
1001-1250.md	1051	精确	288	2	他ｲn时目杯実施了精輔打去。 le他 11､]精輔地算出了我ｲl､]的位萱。 ￨@20年的时同，他叔累了大量精硝 可掌的盗料。
1001-1250.md	1051	精确	288	3	我们元法精密測量出両頴星之同的精輔距高。 精通jTngtOng ①他精通数学和汁算机。
1001-1250.md	1051	精确	288	5	他时 各秤这幼都ｲ艮精通。 ＠香香不伐精通英塔，而且会況多秤語言。
1001-1250.md	1051	精确	288	6	安全小墾由精通机械没各的を家忽成。 精心jTngxTn 〈形＞特別用心；非常鋼心 ①他精心策戈i1了速起事件。 ￨@在妻子的精心照料下，丈夫的病情 出現了好誇。
1001-1250.md	1051	精确	288	7	老ｿ市ﾇ寸弦子们精心管理，家侯ｲI]都狼放心。
1001-1250.md	1052	精通	288	1	遠把クリ非常鋒利。 ＠古时候那些侠客喜吹帯金I出行。
1001-1250.md	1052	精通	288	4	弟弟ｲ艮喜吹看舞金'l表演，覚得非常刺激。
1001-1250.md	1061	竞选	290	1	口 ②将隼命今我ｲil,必緬島上出友。
1001-1250.md	1061	竞选	290	3	張将卑対士兵ｲi]非常美心。
1001-1250.md	1062	敬礼	290	1	他ｲ｢]拳起手向老師敬礼。
1001-1250.md	1063	敬业	291	1	他ｲl']发賞了那些勇敢的士兵。
1001-1250.md	1063	敬业	291	2	司今发賞了他一匹好島。 le国 王打算笑賞这位聡明的年軽人。
1001-1250.md	1063	敬业	291	3	他ｲi]承諾対提供浅索的人子以 笑賞。 ⑪他的友明得到了国家的笑賞。
1001-1250.md	1063	敬业	291	4	这50万元是时他遠坂研究的发 賞。 ＠公司掌出了一部分斎金作カヌ寸伐秀員工的发賞。
1001-1250.md	1066	纠纷	291	2	河題的焦点集中在他是否 犯規上｡ ￨③晩上屯視里有美子社会焦点'可題的坊淡苓目。 ￨④双方矛 盾的焦点集中在价格I可題上。
1001-1250.md	1066	纠纷	291	3	遠場践争己姪成力全世界美注的焦点。 焦急ji6oji ⑪遠公晩了， ノし子逐没回家，鍋娼十分焦急。
1001-1250.md	1068	酒精	292	1	！ ⑪休把焔ル撹拝一下ﾛ巴。
1001-1250.md	1069	救济	292	1	我ｲi]正在募集物盗救沸欠民。 ￨@裳一小人的力量救沸不了大多 人。
1001-1250.md	1069	救济	292	2	我ｲl､]公司己姪向爽区提供了両万斤根食救沸。
1001-1250.md	1069	救济	292	4	他家庭困唯，一宜裳政府救沸雄持生活。 就近jiujin ③核子可以在居住地就近入学。
1001-1250.md	1069	救济	292	6	我ｲl､]都累了，就近我小仮億吃版画巴。
1001-1250.md	1070	就近	292	2	他ｲl､]暗中較量着，都 想成力行止里的老大。
1001-1250.md	1070	就近	292	3	錘进反夏較量，他ｲ￨'1叺最婆取得了腔 利。
1001-1250.md	1071	就业	293	1	他戴着眼鏡，一副根有教券的祥子。 ＠他張擶就舅人，真没教 券。
1001-1250.md	1071	就业	293	2	他穿戴得体，昆得ｲ艮有教恭。
1001-1250.md	1073	拘留	293	1	J ③接達下了三天大雨，蛤交通帯来了根大圧力。
1001-1250.md	1076	居住	294	1	遠首歌的捕奏比絞快。 ＠他随着音示的請奏跳起舞来。
1001-1250.md	1076	居住	294	5	"我ｲ￨､1"" 的祐奏有狼大不同，他快我慢。"
1001-1250.md	1079	局面	295	1	故事的姑局是他ｲ'1幸福地姑婚了。
1001-1250.md	1079	局面	295	3	他们最后的錯局ｲ艮悲惨。
1001-1250.md	1082	咀嚼	295	2	工人ｲl､]要解体遠些旧屯視机。 永箱解体以后，能利用的部件就再利用。 ＠'日 一ａＪｑ ③警察一来，人群島上解散了。 ＠今天的ｼI1妹姑束了，大家解散 ，巴。
1001-1250.md	1083	沮丧	296	1	〈劫〉譽暢防各 ③ﾇ寸森林火突，他ｲi]保持着高度戒各。 ￨@时子危険情況，我ｲl､]要加 以戒各。
1001-1250.md	1083	沮丧	296	4	他対人有根彊的戒各心理。 界限jiexidn ④逗里是熟帯，四季的界隈不明墨。 ＠区分遥法犯罪級別的界隈， 主要看対人的危害程度。
1001-1250.md	1084	举动	296	2	別人好的 方法我们也可以借婆。 ＠他在屯影中借婆了一些鎗画的技巧。
1001-1250.md	1084	举动	296	5	我ｲi]息意身其他単位相互借筌，共同 提高。
1001-1250.md	1085	举世闻名	296	1	我ｲ｢]会尽快解決遠些同題。
1001-1250.md	1085	举世闻名	296	3	清作尽快赴到这里，我有急事。 ⑤出了事以后，他想尽快高升遠里。 ＠希望体的身体尽快好起来。
1001-1250.md	1088	剧本	297	2	他負貴写副本，我ｲl､]負貴我演 員。
1001-1250.md	1088	剧本	297	5	現在的l可題是没有合这的刷本。
1001-1250.md	1089	剧烈	297	1	く形＞速度快，力量大；猛烈 ⑪剛吃完仮不宜倣刷烈这功。 ＠汽牟刷烈揺晃着 ，我宜想吐。
1001-1250.md	1089	剧烈	297	3	我ｲ、斤到了刷烈的爆炸声。
1001-1250.md	1094	觉悟	299	1	〈劫〉由迷惑而清醒、明白 ⑪他現在覚悟到以前的錯俣了。 ＠通进教育，他巳姪覚悟了。
1001-1250.md	1094	觉悟	299	5	他有ｲ艮高的思想覚悟，姪 常帯助別人。
1001-1250.md	1094	觉悟	299	6	我ｲi]要努力提高自己的覚悟，倣好自己的工作。
1001-1250.md	1094	觉悟	299	7	他教育我ｲl､]要倣一介有覚悟、有作力的青年。
1001-1250.md	1095	觉醒	299	1	他ｲi]的民族意涙升始覚醒。
1001-1250.md	1095	觉醒	299	4	遠幅画的主題是 人美的覚醒 矛ﾛ人美的力量，'。 ⑤他覚醒以后，向警察提供了根多践索。
1001-1250.md	1108	开拓	303	4	遮些画精致得恨，体現了作者 高超的蛤画技巧。 井jing
1001-1250.md	1108	开拓	303	5	这ロ井很快就掩好了。 ＠人ｲi]毎天吃速ロ井里的水。
1001-1250.md	1108	开拓	303	6	他ｲi] 准各再打両ロ井，解決潅減l可題。
1001-1250.md	1109	开展	303	1	他姑起来，活劫了一下頚椎。 ＠我頚椎癖，好几天了。
1001-1250.md	1109	开展	303	3	这家医院治方頚椎病ｲ良有名。
1001-1250.md	1109	开展	303	4	他友明 了治万頚椎病的好方法。 警告jinggdo ⑪他警告大家不要掌近那里。
1001-1250.md	1110	开支	304	1	他ｲl']在遊行党募，看堆的力气更大。 ＠他获得了体育党幕道徳風 尚美。
1001-1250.md	1110	开支	304	3	他ｲ￨､1党幕了半天，没 駕霊窯……，他……、 '…翰蕊 ︑ 通 进 他 ③ ユ ○ 兄 一逸雑一︽ 一蝿謝罪 一銅呼︾ ︺凹磁函陶 ︾ 髄一︾恥挫 巳 畑 口 ４
1001-1250.md	1112	刊物	304	5	他的敬止精 神輔実値得我们学习。 境界jingjie く名＞事物所这到的程度或表現出的状況 ①地的水平己姪这到了狼高的境界。 ＠他希望自己的乞木能这到 一小理想的境界。
1001-1250.md	1112	刊物	304	6	他的思想境界比我ｲl､]高，肴l可題也更深入。
1001-1250.md	1114	侃侃而谈	305	1	−−−−.̲ .̲ｰ‐.̲−−−−−−−−−..̲→̲̲.三→ｰ...̲ｰ̲̲...̲̲.. ③他ｲi]力发房子戸生了舰鈴。
1001-1250.md	1114	侃侃而谈	305	2	＠夫妻l司的釧鈴通要素双方解決。
1001-1250.md	1114	侃侃而谈	305	3	w斤況他価又升始￨司舰鈴了。
1001-1250.md	1114	侃侃而谈	305	5	我ｲi]主張以和平淡判的方式解決国隊到笏。
1001-1250.md	1114	侃侃而谈	305	7	我ｲi]事先説好条件，避免到鈴戸生。 ａＪｑ ⑪速忽鏡失反映了他ｲ￨､]的日常生活。
1001-1250.md	1114	侃侃而谈	305	8	遠小鏡失拍得ｲ艮精彩。
1001-1250.md	1116	看待	305	1	￨＜劫＞参加了工作，有了恥lk l③他半止后就宜接就止了。
1001-1250.md	1117	看望	305	2	他的就取演説受到了人ｲi]的炊 迎。
1001-1250.md	1117	看望	305	5	他己姪力就取倣好了充分准各。 拘留jOlid ③他被公安机美拘留了。 ＠他们把嫌疑人拘留了起来。
1001-1250.md	1117	看望	305	8	警察依法対他遊 行了拘留。 拘束jOshU ①猿子兄了隔生人有些拘束。 ＠体不要太拘束了， 自然一点ル。 ， ③在那称場合下我会覚得ｲ艮拘束。 ，④遠核子大大方方的，一点ル 也不拘束。
1001-1250.md	1118	慷慨	306	4	他ｲ￨､]采取措施，控制住了目前 的局勢。
1001-1250.md	1118	慷慨	306	6	我佃必緬 ﾇﾅ当前的局勢倣出正硝的判断。 局限jdxidn ⑪帯假日人们己姪不局限子待在家里休息。
1001-1250.md	1119	扛	306	2	被拒絶以后，他沮喪地ｲ氏着共。 ＠看他沮喪的祥子，就知道他受到了打去。
1001-1250.md	1120	抗议	306	3	我ｲi]要随时美注他的拳劫。
1001-1250.md	1120	抗议	306	5	作速秤奉幼会影回向我ｲi]的整体汁戈'l｡ l⑥他的拳 劫星得特別可笑。 可 J 三
1001-1250.md	1121	考察	307	1	口 ③我ｲl､]的芦品拳世I可名。 ＠他想成カー小挙世阿名的明星。
1001-1250.md	1121	考察	307	2	遠 部屯影进他一下子拳世'珂名了。 ＠遠就是拳世￨羽名的万里候淑。
1001-1250.md	1126	科目	308	2	据悉， 目前全世界学況珸的 人数超进了一ｲ乙・
1001-1250.md	1127	颗粒	308	1	学生ｲil都在聚精会神地冴老師併深。
1001-1250.md	1127	颗粒	308	3	代表ｲi]聚精会神地倣着妃乗。 ＠他倣起実 駿来聚精会神，不受外界千枕。 可 併 張 張 遠 把 他 遠 一 一 一 一 ③ 里 ◎ 屯 一 千 来 起 ○ 一 ︐ 一 一 升 始 一 子 袖 起 巻 他 一 一 一 − 一 一 子 以 ⑤ ・ 調 錐 大 巻 里 是 面 的 装 ③ 米 ︒ ０ 到 屯 多 ０ ︑ 有 践 拒 放 来 起 巻 画 一形囮郵西巻 針も諦吾 一 恥 鵜 ④ 末 逗 一 成 起 刈 岫 栂 一醸訂 頤峠斡 ｖ皿一癖︾ 約一勃皿鑑鑑鍾酔 一 ！ 、 決策jueCe く名＞決定的策略、方針等 ②中央的決策是非常正輔的。 ＠他果断倣出了決策。
1001-1250.md	1127	颗粒	308	4	我ｲ｢]皮咳 執行上级的決策。
1001-1250.md	1132	可笑	310	1	工人ｲi]正在升采石油。
1001-1250.md	1132	可笑	310	2	他ｲil去年升采了上千万沌天然气。 ＠不能再进度升采地下水了，否則后果狼評重。
1001-1250.md	1132	可笑	310	3	我们皮咳提前 徴好規戈'1 ,否則这里的地下街源早晩会被我ｲi]升采完。
1001-1250.md	1133	可行	310	1	他己姪被公司升際了。 ＠因力浮重遠反紀律，学校升除了他。
1001-1250.md	1134	可望	310	3	我ｲi]我不到一介升周的地方賜足球。 ＠这里比較升周，我ｲi]就 在遠ル休息ﾛ巴。
1001-1250.md	1136	刻不容缓	311	4	地比进去的領 等升明了ｲ艮多。 ＠他思想升明，敢子制新。
1001-1250.md	1137	客户	311	1	鑿調之路升砕了中西文化交流的通道。 ＠他的发现力現代物 理研究升砕了道路。
1001-1250.md	1137	客户	311	3	这小新的領域等待着人ｲil去升犀。 ＠这条航践是去年夏天新升 砕的。
1001-1250.md	1139	恳切	311	3	美好的明天要裳休ｲl､1去升拓。
1001-1250.md	1139	恳切	311	8	他ｲ￨､]叔级升展苓釣用水的活功。
1001-1250.md	1141	坑	312	2	家里最近升支ｲ艮大。
1001-1250.md	1141	坑	312	5	毎天除了吃仮外，我没什公特別的升支。 刊登kdndeng .̲ . .̲ .‐ ̲ご≦ −−．− ‐ ．− ． . . ....... .. ,. ,.. .. ... . .. . ‐ ‐ −−．−． .=.− ..−．− ．− .̲ . −−= .... .＝､.. . ..−. . . ④这条新用己姪刊登出来了。
1001-1250.md	1141	坑	312	6	速篇文章刊登在了星著的位豊。 ＠昨天的根紙刊登了他的感人事通。 ＠这小故事根快就被刊登出 来了。
1001-1250.md	1141	坑	312	7	返本条志寺、刊登姪沸美的文章。 刊物kdnwU ④这是一本足球方面的刊物。 ＠返本刊物一介月出一期。
1001-1250.md	1142	空洞	312	1	我抗奴作ｲi]降ｲ氏工人工涜。 ＠时子政府的这秤行力，大家提出 了挽双。
1001-1250.md	1142	空洞	312	2	遠是一秤岐祝行力，我ｲI]都抗双这小決定。
1001-1250.md	1142	空洞	312	3	対子这 秤遠法行力，我ｲl､]表示抗双。
1001-1250.md	1143	空前绝后	313	2	危隆考駿着毎一小人。 ｒＫ■ 家的渓格考核。 le学校制定了対教ﾘ市的考核杯准。
1001-1250.md	1144	空想	313	3	作ｲI､1 不要姑那公这，互相掌挽一些・
1001-1250.md	1144	空想	313	5	我ｲ、 要向先透的管理方式掌挽。
1001-1250.md	1144	空想	313	6	他ｲl､]海级向国除化方向掌挽。 科目kemU
1001-1250.md	1145	空虚	313	5	没有了奋斗目杯，他感覚ｲ艮空虚。
1001-1250.md	1145	空虚	313	6	遠祥下去， 休会变得越来越空虚。 ＠
1001-1250.md	1146	孔	314	5	他蛤自己叔累了一宅可汎的 財富。 可pkek6u
1001-1250.md	1146	孔	314	8	遠秤炊 料非常可ロ，小技子ｲ'､1都愛掲。
1001-1250.md	1147	恐怖	314	2	乱拓泣坂的行方进人覚得可悪。 ＠我 逐没鉦到那公可悪的人。
1001-1250.md	1148	恐吓	314	3	殉发 新没各己姪成了刻不容鬚的事情。 ＠解決衣民巽雑堆阿題到了刻不 容鬚的地歩。
1001-1250.md	1148	恐吓	314	4	加彊世界遺声保鈩己姪成了国隊社会刻不容媛的 任秀。 客戸kehり く名＞工｢ 或企血称呼自己的顧客 ⑪他是我ｲi]商物的老客戸。
1001-1250.md	1148	恐吓	314	7	炊迎客戸蛤我ｲil的工作提 出意見。
1001-1250.md	1149	恐惧	314	1	他今年申清了一小国家深題。 ＠淫在我ｲl,]面前的深題是，如何 捕釣用水。
1001-1250.md	1149	恐惧	314	2	气候同題己姪成了科学家ｲi]研究的重要深題。
1001-1250.md	1149	恐惧	314	4	如何槁好公司管理，是我ｲI､1 面11台的主要深題。 く形＞形容恋度城忌 ①他的志度忌切，我被感劫了。
1001-1250.md	1149	恐惧	314	6	作想当明星的 患初心情我ｲl,]都能理解。
1001-1250.md	1151	空隙	315	5	遠七覗妃乗創造了这 劫史上空前絶后的奇迩。 空想k6ngxidng ⑪他空想着有一天能成力富人。 ＠他天天在家空想，什公也不 徴。
1001-1250.md	1151	空隙	315	7	返些矛盾都是 他空想出来的，其実人家美系ｲ艮好。
1001-1250.md	1151	空隙	315	8	我覚得这是在空想，根本不 可能実現。 ③遠是小元法実現的空想。 ＠体不能掌空想进日子。
1001-1250.md	1153	口腔	316	1	凡到老虎，他十分恐倶。 ＠一小人在周囹昏暗的坏境里容易声 生緊張、恐倶的心理。
1001-1250.md	1153	口腔	316	3	通 进解鋒，我ｲi]消除了他在違方面的恐倶。
1001-1250.md	1154	口头	316	1	他的ロ完星得根不満。 ＠他忌是用命今的口气眼我ｲI]坑活。
1001-1250.md	1155	口音	317	2	他呈然口失上答皮了， ｎＫｊ 但心里却不庭意。 ＠作況要圦真学习，不能只停留在ロ失上。
1001-1250.md	1155	口音	317	3	他対我ｲl.]的支持只限子口共，而没有実隊行幼。 名面 ） ⑪作錯我ｲi]倣ロ失翻斧就可以。
1001-1250.md	1156	扣	317	2	他在山里就業吃这紳苦浬的野 果子生存｡￨③鉾竹箏用升水煮，就可以去拝苦浬味ﾉし｡￨④吐到最后， 老李覚得苦淫的胆汁都唾尽了。 ②形容生活愁苦ﾇ艮辛 ②況到成伎，他的表情星得狼苦浬｡'＠他有着一段苦浬的感情姪房， 至今不慮意提起。
1001-1250.md	1156	扣	317	4	"蚤 然域市进他们堂尽了苦浬，但是最鋒迩是容幼了他ｲil｡ ￨③提起那段 苦浬的日子，父素忌是根激劫。 ""kub ①娼娼袴着小笠子去发菜了。 ，②走路时，女朋友忌袴着他的賂 脾。 ，③地賂ﾙ専上忌要袴着那小小包。 ②把末西桂在肩上、腰里或脾子上 ③弦子们袴着帯包上学去了。 ，②他喜吹把照相机袴在胸前。 察腰里袴着一把拾。 ，④糸西恨況，他快袴不劫了。 ③警 口Ｋ■ 跨kud ⑪速条水洵他一歩就跨进去了。"
1001-1250.md	1156	扣	317	5	清作往右跨一歩，銀前面的人 ﾇ寸芥。 ，⑬他跨出了大l､],失也没回。 ④太这了，我跨不进去。 ⑤伸跨进来,何，別害伯。
1001-1250.md	1157	枯萎	318	1	他家的F日台狼寛敵。
1001-1250.md	1157	枯萎	318	2	我ｲ￨､]洩小寛敵的地方賜足球腫巴。
1001-1250.md	1157	枯萎	318	5	去拝这件家具后，屋子里昆得寛敵多了。 寛容kudnr6ng 9 ③父素恨暑良，対人也狼寛容。
1001-1250.md	1158	枯燥	318	1	く劫〉（学生）不清假而鋏湶 ⑪休昨天力什公Hr深？ ＠他姪常『藻，成鏡狼差。 ￨@如果没有特 殊情況，我不会r深・
1001-1250.md	1158	枯燥	318	3	学生現在r深的情況比較浮重。
1001-1250.md	1158	枯燥	318	5	我圦来没Hr进一苓渓渚深。
1001-1250.md	1159	哭泣	318	1	速小国家〃戸涜源恨半富｡￨、岩石极決決定着〃戸的分布和大院、 海洋的形成。 le科技人員在努力手我新的〃声盗源。
1001-1250.md	1159	哭泣	318	2	人美〃戸 盗源的供厘能力在逐漸降ｲ氏，沈明地球的涜源越来越有限。
1001-1250.md	1159	哭泣	318	3	在遠 座山的南部，又发现了半富的石油〃戸。 枢架kubngjid ‐. ‐. . ‐ｰ. ‐.  .‐. ｰｰ‐‐‐. ‐‐..ｰ. −．−−−．−−ｰ−．−−−'−−−−−．−−−−−−−で−．−−−−−．−−−−．− ．−−−−．−−−− ⑪房子己姪搭起了枢架。
1001-1250.md	1161	苦涩	319	1	今年我ｲ￨､]公司号根了一介ｲ乙・ ＠这家企止巳姪浮重言根，根唯 雄持下去了。
1001-1250.md	1161	苦涩	319	5	我ｲl.1要尽量戒少号根，争駁能移盈利。
1001-1250.md	1166	宽容	320	1	遠小公司一宜在不断地渉張。 ＠局史上，速小国家曾錘向外〃 張进領土。
1001-1250.md	1166	宽容	320	3	他ｲI]的公司 一歩歩地〃張，变得越来越張大。
1001-1250.md	1166	宽容	320	4	他ｲI､]准各ケ張梢僅的区域，在 更大萢園内推戸公司戸品。 ＫＪ
1001-1250.md	1167	款待	321	1	〈名〉用蜻或其他油脂制成的照明用具 ④生日蛋犠上播了五根培姓。 ＠没屯了，我ｲI､]点培姓ﾛ巴。
1001-1250.md	1167	款待	321	3	我发了一包虹培姓。 *￨q 的合音，兼有珸气助同 、返弦子挨大嘩！ 了 与44I阿
1001-1250.md	1168	款式	321	2	好唯，我ｲi]升始ﾛ巴。
1001-1250.md	1169	筐	321	1	l ＜名＞人或事物的厨史或背景 ③我们都不知道他的来厨。
1001-1250.md	1169	筐	321	3	这小人来房不明，作ｲi]最好渦査一下。
1001-1250.md	1169	筐	321	4	作ｲi]要尽快槁清 楚这卜人的来房。
1001-1250.md	1169	筐	321	5	作銀我ｲ｢]垪垪这小菜的来房，巴。
1001-1250.md	1171	矿产	322	2	那位鍋緯主要負貴生 活杉目。 ＠他是《社会身法律》程目的主持人。
1001-1250.md	1171	矿产	322	3	我ｲI､]程目錘垂 在策戈リー/卜社会渦査請目。
1001-1250.md	1173	愧疚	322	1	那天我被大雨淋了，一副狼狐的祥子。 ＠他当面況出了事実真 相，进洗流的人狼狼狐。
1001-1250.md	1173	愧疚	322	4	当时坊面狼混乱，毎小人都呈得根 狼狐。 狼呑虎咽￨6ngtOn=hUybn ⑧速該子俄级了，吃起飯来狼呑虎咽。
1001-1250.md	1174	亏损	323	2	他毎天早上都要到楼下朗湊英溶。 l ③清作朗瑛一下这篇文章。
1001-1250.md	1174	亏损	323	4	遠首時我朗撰ｲ艮多遍了，差不多可以背下来了。
1001-1250.md	1176	捆绑	323	1	〈名〉抱怨的活；不満意的情堵 ⑪那天他説了ｲ艮多牢騒活。
1001-1250.md	1178	扩散	324	1	速秤灌言〃散出去ﾇ寸我ｲ'.]根不利。
1001-1250.md	1179	扩张	324	1	我ｲi]根示意帯助作。
1001-1250.md	1179	扩张	324	5	他迩是示意接受遠些批坪意兄的。 ①他V斤到批坪意見，就不示意了。
1001-1250.md	1179	扩张	324	6	我返到了几分仲，女朋友 ｲ艮不示意｡
1001-1250.md	1182	啦	325	1	＠在鈷婚似式上，有根多礼請需 要注意｡le老ｿ雨蛤我ｲi]介詔了一些交性的礼補｡￨④元给到那令国家， 都要尊重当地的礼苓。
1001-1250.md	1182	啦	325	2	遠些外交礼苓希望大家都能了解。 ー ③互相￨可好是初次兄面的礼請。 二でし︑マ く名＞人｛i]交往时弓慣使用的各秤方式
1001-1250.md	1183	来历	326	3	本着礼尚往来的原則，我ｲl､]也咳准各好礼 物。
1001-1250.md	1183	来历	326	4	去年責公司坊'可了我ｲi]両次，礼尚往来，今年我ｲil也汁兜I到 貴公司学习先这姪験。 里程碑IYchengbei ①这条路上毎隔5公里就有一小里程碑。
1001-1250.md	1183	来历	326	7	这次会泓在当代中国姪沸的发展史上具有里程 碑的意又。 ＠这届这劫会是本市体育这幼史上的一小里程蝉。 理昧￨Ycdi ①他眼休打招呼，休息公不理味啄？
1001-1250.md	1183	来历	326	8	他ｲ￨､]説的活，我完全不会 理昧。
1001-1250.md	1184	来源	326	2	最近原材料的来源出現了l可題。
1001-1250.md	1184	来源	326	3	我ｲi]的信息来源狼戸淫。
1001-1250.md	1185	栏目	326	3	他沈得理宜气壮，我ｲI1就都同意了。
1001-1250.md	1185	栏目	326	4	他 理宜气壮地説: 我裳自己的芳劫拷域ｲ艮光茉｡ ￨⑤他知道有錯，所 以昆得不那公理真气壮。
1001-1250.md	1185	栏目	326	5	休朝父母要銭，逐那公理亙气壮？ 理容￨Yzhi ⑪理智告訴他不能那公徴。
1001-1250.md	1185	栏目	326	7	如果作的理智逐起作用，就不会受編。 ⑪他処理￨可題狼理智，圦不〉中幼。 ＠作理智地想一想，这科事情 可能喝？
1001-1250.md	1186	懒惰	326	2	ﾇﾅ中国房代皇帝他都有研究。 ＠他家房代都居住在遠小村子里。
1001-1250.md	1186	懒惰	326	3	房代以来，人ｲi]都非常喜炊 遠秤風格的作品。
1001-1250.md	1187	狼狈	327	1	我们局来主張矛ﾛ平，反対伐争。
1001-1250.md	1187	狼狈	327	2	遠里尻来干早少両。 le他局 来就这去圦真。
1001-1250.md	1187	狼狈	327	4	我弟弟局来 狼大方，朋友根多。 ＝ L ⑪春請放鞭炮是中国人厨来的侍銃。
1001-1250.md	1188	狼吞虎咽	327	1	在堅持和平发展的同題上，我ｲi]的立場不会幼揺。 ＠他的立場 狼堅定，恐伯恨唯改变。 ，③在保鈩坏境方面,我们的立場是一致 的。 ，④他改变了立場， 同意了公司合弁的方案。 ⑤作不要忌是姑 在自己的立坊上想河題。 立方lifdng I ③2的立方等子8．
1001-1250.md	1188	狼吞虎咽	327	2	的立方可以写成83． ＠13的立方是多少？ ②立方体 ②遠張画是平面的，不是立方的。
1001-1250.md	1189	朗读	327	1	自圦修了这座立交杵以后，遠里就不堵牟了。 ＠作ｲi]升牟走立 交梼会更快一些。
1001-1250.md	1189	朗读	327	3	这条路上有ｲ艮 多大型立交杯。
1001-1250.md	1190	捞	327	1	遠今立体困形ｲ艮容易看憧。
1001-1250.md	1190	捞	327	2	科学家ｲI､]描絵了这秤物旋的立体 姑杓。
1001-1250.md	1191	牢固	328	2	庄稼達年获得キ枚，衣民ｲI] 富起来了。
1001-1250.md	1191	牢固	328	4	連年千早蛤遠里的 姪沸帯来了ｲ艮大影ﾛ向。
1001-1250.md	1193	唠叨	328	1	新年的时候，老ｿ市会眼我ｲl､]一起朕炊。
1001-1250.md	1193	唠叨	328	2	这次春苓大朕炊，我ｲi] 准各了ｲ艮多請目｡￨③周末我ｲl､]准各墾鋲一介炊迎新同学的朕吹晩会｡
1001-1250.md	1193	唠叨	328	3	我ｲi]在一起朕炊了三今多小时オ鈷束。
1001-1250.md	1194	乐趣	329	1	他们姪常在一起吃仮，瑛塔感情。 ＠遠些成士最婆朕塔上了自己 的部Ⅸ。
1001-1250.md	1194	乐趣	329	3	他朕筌了很多消賛者，准 各団吻速秤商品。 I③返次会汲由我負責咲磐工作。
1001-1250.md	1198	冷淡	330	1	く劫＞了解笑豚情況后原涼或理解対方 ②我ｲl,]不能蛤毎小人提l可的机会，情大家諒解。 ＠了解了男朋友 返到的原因，地諒解了他。
1001-1250.md	1198	冷淡	330	3	姪进反夏解鋒，他オ得到了大家的涼解。 H京lldng ⑪我在院子里瞭衣服泥。
1001-1250.md	1198	冷淡	330	5	这条毛巾己錘H京千了。
1001-1250.md	1198	冷淡	330	6	速双株子H京了好凡天也没千。 ②把熱的宗西放一会ル使温度降低 ③粥大熟了，瞭凉了再掲画巴。 ＠仮快瞭凉了，休廷陰吃'巴。
1001-1250.md	1199	冷酷	330	3	他ｲl,]走在迂 ￨司的田野上，唱着炊示的歌。
1001-1250.md	1200	冷落	330	1	￨②遠篇文章列挙了ｲ艮多事実， 、 ③他列挙了各科理由，想況服我ｲI]｡ 掲露了腐敗現象。
1001-1250.md	1200	冷落	330	3	他洋如地列挙了ｲ艮多数字，坑明姪沸发展情況。
1001-1250.md	1200	冷落	330	4	老ﾘ市给我ｲ￨､] 列挙的参考お我逐没看完。
1001-1250.md	1201	冷却	331	1	達年的践争，使遠里非常貧労。 ＠庄稼達年获得半收，衣民ｲl､] 富起来了。
1001-1250.md	1201	冷却	331	3	連年干早蛤遠里的 錘沸帯来了ｲ艮大影回向。
1001-1250.md	1201	冷却	331	4	来隼留学人数達年上升。 I
1001-1250.md	1202	愣	331	1	〈形〉像欲燵一祥一介接一/卜，形容达鎮不断 ⑪遠卜超市巳姪升了十家達領店。 ＠公司的倒用引起了連鎖反皮。
1001-1250.md	1202	愣	331	2	e他最近的情錯出現了連鎖变化。
1001-1250.md	1203	黎明	331	1	I ①老師達同学生都参加了途次活幼。
1001-1250.md	1203	黎明	331	2	清作把根名表達同体栓表 一起交錯我ｲI]｡ ￨③他把併款達同利息都迩清了。
1001-1250.md	1203	黎明	331	3	我ｲl､]達同エ作 人員一起解決了遠小￨可題。
1001-1250.md	1204	礼节	331	1	I ①新年的时候，老ﾘ市会躍我ｲ￨､]一起朕炊。 ＠遠次春苓大咲吹，我ｲ1､] 准各了很多苓目｡￨③周末我ｲl.1准各忽奴一介炊迎新同学的咲吹晩会｡
1001-1250.md	1205	礼尚往来	332	1	他ｲl､]姪常在一起吃仮，朕鯵感情。
1001-1250.md	1205	礼尚往来	332	3	他ｲl､]秘密咲苓进根多次。
1001-1250.md	1209	理直气壮	333	1	く劫＞了解笑豚情況后原涼或理解対方 ②我ｲ'1不能蛤毎小人提l可的机会，清大家涼解。
1001-1250.md	1209	理直气壮	333	3	本着互相諒解的原則，我ｲi]筌灯了坊 双。
1001-1250.md	1209	理直气壮	333	4	姪进反夏解鋒，他オ得到了大家的涼解。 Hfl idng ①我在院子里瞭衣服児。
1001-1250.md	1209	理直气壮	333	7	這双株子H京了好几天也没千。 ②把熱的末西放一会凡，使温度降ｲ氏 ③粥大然了，瞭凉了再喝，巴。
1001-1250.md	1210	理论	333	2	上机翻翔在迂周的天空。 l③他ｲI､1走在迂 周的田野上，唱着吹示的歌。
1001-1250.md	1211	力所能及	333	1	︑百三 〈功＞一十一介挙出来 ①他列挙了各秤理由，想説服我佃。 ＠这篇文章列挙了恨多事実， 掲露了腐敗現象。
1001-1250.md	1211	力所能及	333	4	老師蛤我ｲl､1 列挙的参考弔我込没看完。
1001-1250.md	1213	力量	334	3	我圦来没兄进像他那公吝音的人。 伶例lingli ②这弦子聡明伶例，大家都喜吹。
1001-1250.md	1213	力量	334	4	他説活根伶ｲ利，是淡判高 手。
1001-1250.md	1213	力量	334	7	遠核子ロ歯伶例，根会計活。 Q
1001-1250.md	1214	历代	334	4	"最近我鉄乏臭感，元法继 ""t'l作。 ￨@夷感其安来源子生活，是生活姪聡的叔累。"
1001-1250.md	1215	历来	334	2	他的更魂好像高升了，呆呆地姑 在那里。 ＠人死后真的有晃魂喝？ ②比愉起美健作用的人或事物 ⑪他是遠支足球叺的臭魂人物，有了他，比慕打得就特別好。 ＠真 実是新用工作的晃魂。
1001-1250.md	1216	立场	335	3	这是一台非常晃敏的採測ｲ又 器。
1001-1250.md	1216	立场	335	4	他巳姪臭敏地察覚到了我的心理变化。 凌晨lingchen ﹄Ｌ７レゴ ③他是在凌晨出生的。
1001-1250.md	1216	立场	335	5	我ｲi]明天凌晨出友去爬山。
1001-1250.md	1217	立方	335	1	我ｲ'1己姪領会了老ﾘ而的意思。
1001-1250.md	1219	立体	335	1	成士ｲI]下定決心保工祖国的領土。 ＠国家領土l可題不能进歩。
1001-1250.md	1219	立体	335	2	遠里圦来就是我ｲ￨､]国家的領土。
1001-1250.md	1219	立体	335	3	他ｲi]把侵塔者赴出了自己的 領土。
1001-1250.md	1220	立足	336	1	I ③我領悟出了这篇文章的今又。
1001-1250.md	1221	厉害	336	2	在三千米吃的进程中，他一亙領先。 ＠現在是3号E人員暫时領先。
1001-1250.md	1221	厉害	336	3	升始时大家都鞄在一起，后来他 就領先我伽根多了。 ②比愉水平、成錆等赴干最前列 ③我ｲ'1的技木在世界上赴子領先水平。
1001-1250.md	1221	厉害	336	4	我ｲi]領先行此十年，友 明了速紳仗器。
1001-1250.md	1222	利率	337	4	他ｲ､可以按月支付我ｲi]利率
1001-1250.md	1223	例外	337	6	他ｲ艮少参加远秤活幼，只有迄次例外
1001-1250.md	1223	例外	337	7	他一般不友表意凡，今天例外。fili＜量＞用子瓢粒状的末西③我ｲil要请钓粧食，一粧米都不厘浪涜
1001-1250.md	1223	例外	337	8	一弦朴子从秤下到成熟，要姪辻ｲ艮技吋同
1001-1250.md	1224	粒	337	1	他ｲI]ｲ艮美心奪証人的健康。
1001-1250.md	1224	粒	337	5	他在那次牟禍以后，变成了奪唖人。 隆重l6ngzhbng ②他ｲl､]的姑婚典礼十分隆重，有根多嘉宴到場。
1001-1250.md	1225	连年	337	2	庄稼达年荻得キ枚，衣民ｲil富起来了
1001-1250.md	1225	连年	337	4	连年千早姶迄里的姪沸帯来了狼大影ﾛ向
1001-1250.md	1227	连同	338	2	清作把根名表达同体栓表一起交蛤我ｲil｡le他把贷款达同利息都逐清了
1001-1250.md	1227	连同	338	3	我ｲi]达同工作人员一起解决了迄小I可题
1001-1250.md	1228	联欢	338	1	他ｲ､姪常在一起吃仮，联塔感情
1001-1250.md	1228	联欢	338	3	他ｲi]秘密联塔辻ｲ艮多次
1001-1250.md	1228	联欢	338	4	他联塔了根多消费者，准各困的速秤商品。I⑤途次会双由我负责联塔工作。ご联盟联想廉洁良心339
1001-1250.md	1230	联盟	339	2	他ｲn忽建了作家联盟，共同繁亲t'l作
1001-1250.md	1231	联想	339	5	他联想半富，姪常有ｲ艮多好主意。I
1001-1250.md	1232	廉洁	339	3	当领等如果不廉洁，早晩会出l可题｡
1001-1250.md	1232	廉洁	339	5	他倣官廉洁得根，在群次中威信根高。良心lidngxTn<名＞人的内心対善与悪的正碗从沢⑪倣人皮咳有良心，対别人的帯助皮咳感恩
1001-1250.md	1232	廉洁	339	6	党良心坑，我ｲﾛ没有欺编别人
1001-1250.md	1232	廉洁	339	9	一介人倣了坏事，良心会不安的。。Ｔレー０１１、3401凉解H京辺l司列挙
1001-1250.md	1233	良心	339	1	他在錯汽牟換給胎。 ＠这是新給胎，剛用了一介月。
1001-1250.md	1234	量	340	1	〈名＞公汗友表汎点的場所，指级刊、座淡会等 ⑪我ｲ￨､]大学要拳力､一介姪沸捻転。
1001-1250.md	1234	量	340	3	这里毎年都会拳カート高晨玲転，时玲世界和平￨可 題。 ＠我参加了去年的给垢，狼有枚获。
1001-1250.md	1234	量	340	4	在遠次玲転会上，寺 家ｲil都友表了意凡。
1001-1250.md	1235	亮	340	1	他在文章里充分给涯了自己的汎点。 ＠这小方案迩需要透一歩 给延。
1001-1250.md	1235	亮	340	7	我覚得他的给江迎有些l可題。
1001-1250.md	1236	凉快	340	1	他説活ｲ艮琴唆。
1001-1250.md	1236	凉快	340	2	作別嫌我嘩唆， 因力達件事ｲ艮重要。
1001-1250.md	1238	林	341	1	く成珸＞（人、牢、船等）前后相接，达雲不断 ⑪毎到夜晩，来遠里ﾛ乞仮的人熔鋒不絶。
1001-1250.md	1238	林	341	4	在这塔 鋒不絶的人群中，我发现了一張熱悉的面孔。 落成lubcheng ③遠座大杯婆子落成了。
1001-1250.md	1238	林	341	7	礼堂建好后，我ｲl.]会挙行一ｲ、 落成典礼。
1001-1250.md	1240	伶俐	341	1	速座璃失ｲ艮大。
1001-1250.md	1241	灵感	342	1	写小说需要一些臭感。＠毎当突然来了晃感，他就身上升始制作
1001-1250.md	1241	灵感	342	2	远里的生活蛤了他狼多灵感。＠最近我鉄乏叉感，元法蛙禁制作
1001-1250.md	1242	灵魂	342	2	他的晃魂好像万升了，呆呆地姑在那里。＠人死后真的有夷魂喝？②比愉起美健作用的人或事物①他是迄支足球叺的臭魂人物，有了他，比幕打得就特别好
1001-1250.md	1243	灵敏	342	2	他的劫作晃敏，殊辻了那柄汽牟。＠他晃敏地跳上了舞台，升始了演出
1001-1250.md	1243	灵敏	342	3	远是一台非常臭敏的探测ｲX器
1001-1250.md	1244	凌晨	342	2	我ｲi]明天凌晨出友去爬山。＠那场足球决幕凌晨四点オ姑束
1001-1250.md	1245	灵性	343	1	I ③一升学，忙球的学习生活就升始了。
1001-1250.md	1245	灵性	343	5	一到期中和期末考武， 同学们就变得忙尿起来。 盲目mdngmi｣ i ⑨学可別太盲目了，一定要有明輔的目林。
1001-1250.md	1245	灵性	343	8	連次我ｲi]一定不会再盲目行劫。 ︑ 十 ７ 亡 Ｕ 升 ＭＬ ︑ 一 ７ 亡 罐 − 寺 一 窪 洗 計 ↑ ︸ Ｊ 一 マ 在 一 ④ − 就 一 綣 湖 一 ９ 牟 刈 ｌ 他 ② 一 一 鋪 一塁他発褐 一的恋作 一 袖 岬 や ↑亡一ン海私坐 畢璽罪いま計 I
1001-1250.md	1246	领会	343	1	我ｲ
1001-1250.md	1247	领事馆	343	2	我国领事馆在迄小域市的市中心。＠领事亿组鋲了一系列活幼，灰祝国灰诗的到来
1001-1250.md	1248	领土	343	1	践士ｲ､下定决心保工祖国的领土
1001-1250.md	1248	领土	343	2	国家领土l可题不能辻歩
1001-1250.md	1248	领土	343	3	途里从来就是我ｲl,]国家的领土
1001-1250.md	1248	领土	343	4	他ｲi]把侵略者赴出了自己的领土。L3441领悟领先领袖溜
1001-1250.md	1250	领先	344	4	升始吋大家都饱在一起，后来他就领先我ｲi]恨多了。②比愉水平、成锖等処干最前列③我ｲI]的技木在世界上処子领先水平
1001-1250.md	1250	领先	344	5	@我ｲI]领先行止十年，友明了迄秤ｲ又器。＠公司的屯子戸品在同美声品中赴子领先位置
1001-1250.md	1250	领先	344	6	篭球比幕我ｲi]一亘领先ﾇ寸手
1251-1500.md	1251	领袖	344	5	我ｲil逃挙出了新的领袖。，溜liOL‐－－－－－－．．．－－－－－－－－－－－－．--,-‐－－－－．－‐－－－－－－－－－－－．．－－－－－－．．－－－－－．－－．．．－，－－－－－－－－－－．．‘-.-‐‐－．．－．－－－－－．－－－
1251-1500.md	1253	留恋	345	2	我非常留恋ル童吋代。＠就要高升家多了，他十分留恋
1251-1500.md	1253	留恋	345	3	到了城市，他又留恋起衣村的生活来。＠他杯着留恋的心情葛升了迄座域市
1251-1500.md	1254	留念	345	2	远些照片是我ｲ'1当年的半止留念
1251-1500.md	1254	留念	345	3	我ｲl,]拍张照片倣留念・巴
1251-1500.md	1256	流浪	345	2	他ｲ､是一群四辻流浪的人。且Ｌ346流浪流露流承流通③他在远小城-市流浪了狼久
1251-1500.md	1256	流浪	345	3	ﾇ寸子流浪ル童，他ｲ1]姶予了及吋的救助
1251-1500.md	1256	流浪	345	4	他好像狼喜炊速秤流浪的日子。流露li6ID〈幼〉（感情、思想等）不自覚地表现出来⑪他膣上流露出了喜悦的表情。＠他元意中流露出了想高取的想法。le文章流露出了作者対家多的热爱
1251-1500.md	1258	流氓	346	1	那群流眠己姪被警察抓起来了。＠我看他就像一小小流斌
1251-1500.md	1258	流氓	346	5	夏天女弦ル穿得少，要提防那些要流斌的。流通lidt6ng〈劫＞①（杢気等）自由移动，不受阻碍③室内的空気要保持流通｡'＠n富美得大浮，空気流通不了
1251-1500.md	1258	流氓	346	7	把富戸打升，辻空え流通起来。②（商品、货市等）流劫辖移③费金流通起来了，ｴﾉｰ的效益也就上去了。＠远绅货市早巳姪不流通了
1251-1500.md	1258	流氓	346	9	最近公司的盗金流通得ｲ艮快
1251-1500.md	1258	流氓	346	10	我ｲ､要想亦法増加商品流通的渠道。夺征隆重茎断搜车347
1251-1500.md	1260	聋哑	347	1	他ｲ､狼美心苇哑人的健康
1251-1500.md	1260	聋哑	347	2	远是一所夺哑学校，有寺、的教师。＠苇哑ル童表演的请目受到了热烈炊迎
1251-1500.md	1261	隆重	347	1	他ｲ､的姑婚典礼十分隆重，有ｲ艮多嘉宴到场
1251-1500.md	1261	隆重	347	2	途次大会是在十分隆重的気気中游行的。＠在远隆重的吋刻，我感到非常自豪
1251-1500.md	1261	隆重	347	3	春请是中国一年中最隆重的苓日。l⑤人民代表大会在北京隆重召升了
1251-1500.md	1264	篓	348	1	他得了一枚金牌途三枚由F票恨珍贵le他姶辻我丙枚硬市
1251-1500.md	1266	屡次	348	1	蚤然屡次失敗，但他没有放弄。 ＠故人屡次逃攻都被我们打退 了｡￨③作屡次犯同祥的錯涙，我元法原涼｡￨④他屡次打破世界妃乗， 創造奇迩。 ＠父余屡次提醒我注意安全同題，可我始篝没斫逃去。 履行lixing ①我履行了我的承諾。
1251-1500.md	1266	屡次	348	2	他ｲi]履行了法律手禁，成力了合法夫 妻。
1251-1500.md	1267	履行	348	2	他ｲl､]履行了法律手镜，成力了合法夫妻
1251-1500.md	1267	履行	348	3	我ｲ､一宜浮格履行着合同
1251-1500.md	1267	履行	348	5	速价合同履行起来ｲ艮麻吨
1251-1500.md	1267	履行	348	6	他ｲ｢]有坊奴，但双方都没有履行。「Ｌｊ掠李喀微给船给廓349
1251-1500.md	1268	掠夺	349	1	致人掠李了我ｲl､]的土地
1251-1500.md	1268	掠夺	349	4	辻去一百年，他ｲi]掠苓光了速介国家的盗源
1251-1500.md	1269	略微	349	3	我ｲil略微用了些技巧就成功了
1251-1500.md	1270	轮船	349	1	我ｲi]坐给船去日本。＠这艘给络明天早上六点出友
1251-1500.md	1270	轮船	349	2	旅客ｲﾛ都登上了给船
1251-1500.md	1270	轮船	349	3	我ｲ､明天坐火牟迩是给船去
1251-1500.md	1271	轮廓	349	3	从逗里可以看到那座大山的给廓。＠他向我佃介诏了事情的给廓
1251-1500.md	1271	轮廓	349	4	他対未来巳姪有了一小大概的给廓。ＦＬ35(）给胎途j云玲征
1251-1500.md	1272	轮胎	350	1	他在蛤汽牟换给胎。＠迄是新给胎，刚用了一小月。＠体的自行牟给胎没完了
1251-1500.md	1274	论证	350	1	他在文章里充分姶江了自己的泛点。＠迄小方案迩需要逃一歩姶征
1251-1500.md	1274	论证	350	2	科学家ｲﾛ発狂了送秤现象的可能性
1251-1500.md	1275	啰嗦	351	1	他沈活ｲ艮噌唆
1251-1500.md	1275	啰嗦	351	3	远篇文章在表这上有些拶唆。＠作皮咳刑拝迄些拶唆的活
1251-1500.md	1275	啰嗦	351	4	他拶谬唆唆坑了一介多小吋。②事情瑛砕而麻吨①作要有思想准各，远可是一件拶唆的事。＠速些手镜力､起来特别拶唆
1251-1500.md	1275	啰嗦	351	5	他力､事ｲ艮渉唆，一点ル也不痛快
1251-1500.md	1278	落成	351	2	新的教学楼将子明年落成。＠迄小水屯姑姪辻三年建没，顺利落成了
1251-1500.md	1278	落成	351	3	礼堂建好后，我ｲ､会挙行一介落成典礼
1251-1500.md	1278	落成	351	4	大楼落成的那天，我ｲl,]一定要灰祝一番。ｒＬＬ352p落実
1251-1500.md	1279	落实	352	1	我ｲi]要把贵任落実到毎小人身上
1251-1500.md	1279	落实	352	3	等事情落実了，我ｲI]就可以升始千了
1251-1500.md	1279	落实	352	4	要尽快辻速小生戸汁戈'l得到落実
1251-1500.md	1279	落实	352	5	各扱単位要从真落実上级的姪沸政策。礼到、Lワ
1251-1500.md	1280	麻痹	353	4	我ｲ'.]対故人不能有麻癖思想
1251-1500.md	1281	麻木	353	5	他的表情呈得根麻木。l③q斤到这小消息，他麻木地注视着前方
1251-1500.md	1282	麻醉	353	3	病人己锤麻酔了半小小吋了。＠大夫要把他的四肢麻酔到完全没有感覚。354麻酔锅共喝奴癖②比伦用某稗手段使人从沢模糊、意志消泛①作不要被他ﾉL句好斫的活麻酔了。＠失败了不要紫，可以从失再来，千万不能意志消况，用喝酒的方式来麻酔自己
1251-1500.md	1283	码头	354	2	晰坑远ル要建一座渇失。＠给船渐渐裳近了渇失
1251-1500.md	1284	蚂蚁	354	4	蟠奴ｲ､在准各辻冬的食物
1251-1500.md	1285	嘛	354	2	我当然了解他唯，我ｲi]是好朋友癖
1251-1500.md	1286	埋伏	355	1	二连在山ロ埋伏着。＠一小困的兵力埋伏在村庄里
1251-1500.md	1286	埋伏	355	5	作ｲﾛ要小心，不要中了致人的埋伏
1251-1500.md	1287	埋葬	355	2	成士ｲi]的P体都及吋埋葬了
1251-1500.md	1292	漫长	356	1	r日子筒贞大漫投了
1251-1500.md	1293	漫画	357	5	我想学刃漫画II作
1251-1500.md	1294	忙碌	357	6	一到期中和期末考武，同学就変得忙碌起来。I
1251-1500.md	1295	盲目	357	5	连次我i一定不会再盲目行劫。i一洼洗一亡一计、十亡一寺、在罐一绻湖一就一他刈一袖岬一牟升一的恋作一塁他発褐铺亡一海私坐毕玺罪计I358荘然茂盛冒充冒犯
1251-1500.md	1299	冒充	358	3	他ｲI､]用远些劣旋声品冒充代旋声品，欺轮了不少人
1251-1500.md	1299	冒充	358	4	原来他是冒充的，不是那小梢款的人。冒犯mtloftln＜劫＞言语或行幼没有礼貌，冲撞了対方③他冒犯了领手，心里一宜不安
1251-1500.md	1299	冒充	358	6	如果有什公冒犯的地方，清作原凉。＠我冒犯辻一次姪理，他不会妃仇ﾛ巴
1251-1500.md	1299	冒充	358	7	有吋候我ｲl,]可能元意之中就会冒犯别人。＝hM」冒隆没辙枚媒介359－
1251-1500.md	1300	冒犯	358	6	姪辻商年的ll,送条狗対毒品的臭覚変得升常敏锐
1251-1500.md	1304	媒体	360	1	我ｲi]要多利用新媒体宣侍自己
1251-1500.md	1304	媒体	360	2	途次大会，媒体籍我ｲﾛ倣了根多宣侍。＠阿塔己姪成力伶播新'潮的重要媒体
1251-1500.md	1305	美观	360	2	他被这卜花瓶美現的外表迷住 了。￨③遠堆泣坂破坏了小区的美观｡￨④他ｲi]的新房装飾得十分美观。
1251-1500.md	1306	美满	360	2	他ｲI.]一家人快快示示，墨得非常美满。
1251-1500.md	1307	美妙	360	1	我ｲl､]一起度辻了一介美妙的夜晩
1251-1500.md	1307	美妙	360	2	演员ｲ､的表演非常美妙
1251-1500.md	1307	美妙	360	4	地的笛子吹得非常美妙。n珍（门诊)menzh6n＜幼＞医生姶不住院的病人看病②星期天、珍照常菅止。＠张医生在看同珍，先别打枕地
1251-1500.md	1307	美妙	360	6	我去'､]珍部，不去住院部。「ＭＪ萌芽策猛烈梦想361芋今ﾁー，，明牙mengyo＜幼＞植物升始友芽，也比愉事物刚刚声生③春回大地，秤子升始萌芽。＠芭蕾舞乞未萌芽子意大利
1251-1500.md	1307	美妙	360	8	他ｲl､]的爱情正処在萌芽状悉。＜名〉植物新生出来的芽，也比愉刚芦生的事物⑪山野中花草生出的萌芽杯志着春天到来了。'＠幸福生活己露出萌芽，蛤了人ｲI]元限希望｡
1251-1500.md	1311	猛烈	361	1	猛烈的火势辻消防叺员堆以裳近。致人的攻势狼猛烈。暴雨猛烈地袈来，人l,都殊到了并下
1251-1500.md	1312	梦想	361	6	想技生不老，迭只能是小永迄的梦想。mT〈劫眼皮微微合上他昧着眼，似睡非睡
1251-1500.md	1314	弥补	362	3	有些人的爱好常常因力繁忙的工作被抹兼拝了。我l.要客泛坪价一小人，不能随便抹兼别人的功労。莫名其妙墨水诀诀喋求375
1251-1500.md	1315	弥漫	362	1	清晨，云雰弥漫了天空。＠那里烟雰弥漫，不知道友生了什公事情
1251-1500.md	1318	迷失	363	3	他l迷失在大森林里了
1251-1500.md	1319	迷信	363	1	我ｲ
1251-1500.md	1319	迷信	363	2	､]从不迷信鬼神。＠他特别迷信命迄，倣什去都不努力。＠有些人対鬼神迷信扱了
1251-1500.md	1319	迷信	363	3	我ｲ､要提ｲ昌科学，反ﾇﾅ迷信。②盲目地信仰和崇拝①青年人要多独立思考，千万别盲目迷信辅本上的内容
1251-1500.md	1321	密度	364	2	我i正采収一些措施降氏迄里的人密度村苗密度不太合造，恐伯不会生技得良好
1251-1500.md	1324	免得	365	4	我上了l司绅，免得第二天早上起不来
1251-1500.md	1325	勉励	365	5	上扱要求医院倣好免疫工作，防止流感友生。勉励（勉励)m6n1劫幼人努力；鼓励父母姪常勉励我好好瑛桶
1251-1500.md	1325	勉励	365	7	他l远吋候最需要几句勉励的活
1251-1500.md	1326	勉强	365	2	他现在迩大小，辻他倣速些事昆得根勉张。不是心甘情鳫的在大家的追l可下，他勉张承圦了自己的错羡
1251-1500.md	1326	勉强	365	3	他的答夏根勉二勾酬四3661勉彊面貌面子彊，有点L不情应
1251-1500.md	1326	勉强	365	8	女的事情皮咳辻他l,自己去倣，父母不必勉强
1251-1500.md	1326	勉强	365	10	休就别勉彊弦子了，辻他自己徴决定p巴
1251-1500.md	1328	面子	366	2	他在我ｲI]迄ル面子可大泥，堆都肝他的
1251-1500.md	1328	面子	366	4	我是看休的面子オ答厘他ｲi]的。ルュ猫姶猫准秒小竞祝
1251-1500.md	1328	面子	366	5	36T
1251-1500.md	1332	蔑视	367	1	読视那些衣民，就等子読视我i自己
1251-1500.md	1332	蔑视	367	2	我l,要在践落上読视致人，在成水上重祝致人
1251-1500.md	1333	灭亡	368	3	如果不改革，国家就面1台天亡的危険l不在况歌中爆友，就在况诀中天亡
1251-1500.md	1335	民用	368	1	t机降落在了迄小我市的民用机坊
1251-1500.md	1335	民用	368	3	公司现在注重升友民用戸品，提高锤沸效益。I民主敏感敏捷369
1251-1500.md	1337	敏感	369	2	他现在ﾇ寸汽油味変得非常敏感。②易干引起反血的i滩篭熟鸢繊鲈二篁职龙ﾂ篝盆钏蕊舣“
1251-1500.md	1338	敏捷	369	4	我的老而思雄敏捷，见解独特。3rOI敏锐名次名额名副其実
1251-1500.md	1339	名次	370	1	地学刃一亘ｲ艮好，名次在班里忌是排在最前面。＠远次比幕，我ｲﾛ班没承到好的名次
1251-1500.md	1339	名次	370	2	速次迄劫会，他又取得了ｲ艮好的名次
1251-1500.md	1339	名次	370	3	我ｲi]看的是镰合素履，不完全看成锖名次的高ｲ氏
1251-1500.md	1340	名额	370	5	作再蒲我一特别洗辻的衣服。用手指央住皮肉使効JL他狩了我一下，恨痒
1251-1500.md	1341	名副其实	370	5	我宁肯走着，也不坐他的牟。宇庭（宁愿)ningyutn达〉意又和用法同宁肯与其嫁蛤他，我宇庭去死
1251-1500.md	1343	明明	371	1	慈蛎呼吨……BR上骁了-锤和衣房液厚奴乗3856银，所以呈得不好看了
1251-1500.md	1345	命名	371	6	今天是衣尻八月十三，中秋诗的请日気気越来越液厚了。奴乗（奴隷)ndi名力主人芳劫而没有自由和枚利的人在古代，奴乗i没有停止辻反抗。在奴乗社会，人民是受圧迫的
1251-1500.md	1345	命名	371	9	他l初底推翻了奴业制度。386郷虐待Wnu6幼移劫；蒋移送张泉子有人榔辻
1251-1500.md	1345	命名	371	10	那小眼镜店椰到别的地方了。le我1把床郷到盲戸那辺,巴
1251-1500.md	1345	命名	371	13	我il把迭张沙友榔走巴
1251-1500.md	1346	搜索	372	2	作l不能虐待远些小劫物
1251-1500.md	1346	搜索	372	5	速秤虐待子女的行力是远法的。0I戦b〈収表示突然明白了戦，原来是迄祥
1251-1500.md	1347	模范	372	2	小玉是我i小区苓钓的模范。〈形値得学弓的；可以作力傍祥的他i偶姑婚远去多年圦没沙辻架，真是一模范夫妻牙。他是小模范丈夫，爱妻子，又愿家
1251-1500.md	1348	模式	372	3	力了辻父母高共，婚礼逐是按照侍铳的模式力p巴
1251-1500.md	1348	模式	372	4	我伯狭小I模式思考,也会想出好狮法。模型膜摩擦3T3
1251-1500.md	1351	磨擦	373	6	司的冲突他l.1因力意兄不同，出现了一些小摩擦
1251-1500.md	1351	磨擦	373	7	我之l可的摩擦都己姪解决了，现在美系狼好
1251-1500.md	1351	磨擦	373	10	摩擦的双方各不相辻，推也没有亦法。。可3T4B磨合魔鬼魔木抹余
1251-1500.md	1352	磨合	374	4	姪辻不断与外商磨合，我i的合盗企止迭入了友展期
1251-1500.md	1356	莫名其妙	375	3	各秤学木派别吋迄小l可题展升了激烈的吋冷
1251-1500.md	1357	墨水儿	375	1	作家肋会派遣代表団出国坊1可。他I,秘密派遣人员执行迄小任秀
1251-1500.md	1358	默默	375	2	天迩没亮，登山叺员l就升始掌登了
1251-1500.md	1358	默默	375	3	他l在努力地掌登科学高峰
1251-1500.md	1359	谋求	375	3	那架E机停止了盆旋，向正前方K去
1251-1500.md	1361	母语	376	4	不ｲ又要学好外培，更要学好母语
1251-1500.md	1362	目睹	376	5	根纸上的脱法身我目暗的情况有狼大不同。lll
1251-1500.md	1363	目光	376	1	大家的目光都集中在了屏幕上。＠他知道自己错了，有意避升了妻子的目光
1251-1500.md	1363	目光	376	2	学生ｲi]的目光一起投向了老ｿ甲。②眼晴里流露出的情堵、神恋①地目光温和弦子ｲ'1都喜炊地
1251-1500.md	1363	目光	376	5	香香的目光里包含着対该子元限的爱。狐ユ目光沐浴3万③対事物的泛察和孤児能力④违令人目光短浅，没有多大出息。＠他目光敏锐，倣事果断
1251-1500.md	1364	沐浴	377	3	古人沐浴的方法与现代有ｲ艮大不同。②比愉况浸在ﾄ日光或者某神気気里⑪春天，小草沐浴在F日光里
1251-1500.md	1364	沐浴	377	4	人ｲﾛ沐浴在炊示的気気中
1251-1500.md	1364	沐浴	377	5	我ｲ､沐浴在春天里，温暖鋳造。ａＭN刷」ｰ1『一牟公一升什一跃幕一囹谁０ｎＭ一识封一掌语一睡燕罐一银軽挙一熟兵什。一岬》锄痔一掌１１以・・可一ｊ菜事乞一芝手本技一帜今的的ｕ一评的手手脆一干华洼云／唯一耐菜他什轩刊や》犀》
1251-1500.md	1375	内幕	380	2	他通辻各秤途径，了解到了内幕。＠事情的内幕被公升了，有美贵任人受到了処理
1251-1500.md	1376	内在	380	1	事物友展有其内在规律。＠迄丙件事情之l司没有内在联系
1251-1500.md	1376	内在	380	3	我ｲl,]正在子我事情的内在原因。＠地有一秤内在美，恨迷人。能量哩拡定381－ＦＮＬ
1251-1500.md	1377	能量	381	1	途奔鞄消耗了狼的大部分体力和能量。②比愉人昆示出的能力⑪他在単位能量狼大，有ｲ艮多支持者
1251-1500.md	1377	能量	381	2	作别ｲ氏佑了迄些妃者的能量
1251-1500.md	1381	年度	382	1	从今年9月到明年8月力学校的一小年度。＠公司从3月成立，到毎年2月算一介年度
1251-1500.md	1381	年度	382	2	他ｲ､正在研究年度生戸汁戈'l｡
1251-1500.md	1381	年度	382	3	本年度我ｲi]取得了不错的效益
1251-1500.md	1383	凝固	383	1	远秤液体凝固得ｲ艮快
1251-1500.md	1383	凝固	383	3	力了防止液体凝固，他ｲi]不停地揺晃。‐一智一聚一的像凝一家好人一大他些一了④痉一聚１才一凝塾催正一》－１人辻・国了一水中冲一汗代就一的凡上一伽》看岛一》ユ鉴量坐一．，》看会ヵ事卯一哗锻》识垰〃叩一剰洼酔藩汗织一斗睡讨碑佳・子一
1251-1500.md	1384	凝聚	383	3	大家都累了，我i休息片刻巴
1251-1500.md	1386	拧	383	2	五星虹旗瓢物在天安nF物的上空
1251-1500.md	1386	拧	383	4	风吹辻来，彩旗升始瓢扬。Ppi6
1251-1500.md	1386	拧	383	5	承提什雀意処他什塑也没魂,撤着蒲就走了蕊一意蝿I
1251-1500.md	1387	宁肯	384	1	他i瀬彊挂樗，笑子成腔了困唯
1251-1500.md	1387	宁肯	384	3	力了能荻得冠早，我i一定耕樗到底
1251-1500.md	1387	宁肯	384	4	他i不満足子己有的成镜，迩在継禁垪樗
1251-1500.md	1392	浓厚	385	6	今天是衣尻八月十三，中秋诗的请日気気越来越液厚了。奴乗（奴隷)ndi名力主人芳劫而没有自由和枚利的人在古代，奴乗i没有停止辻反抗。在奴乗社会，人民是受圧迫的
1251-1500.md	1392	浓厚	385	9	他l初底推翻了奴业制度。386郷虐待Wnu6幼移劫；蒋移送张泉子有人榔辻
1251-1500.md	1392	浓厚	385	10	那小眼镜店椰到别的地方了。le我1把床郷到盲戸那辺,巴
1251-1500.md	1392	浓厚	385	13	我il把迭张沙友榔走巴
1251-1500.md	1393	奴隶	385	1	在古代，奴乗ｲl､]没有停止辻反抗
1251-1500.md	1393	奴隶	385	2	在奴业私会，人民是受圧迫的。＠他ｲ､不甘心当奴业，不断游行斗争
1251-1500.md	1393	奴隶	385	5	他ｲl､]初底推翻了奴业制度。386郷虐待「ＮＪjWInu6＜劫＞移劫；结移⑪远张菓子有人榔辻
1251-1500.md	1393	奴隶	385	7	我ｲ､把床榔到盲戸那辺,巴
1251-1500.md	1393	奴隶	385	10	我ｲ､把远张沙友郷走p巴
1251-1500.md	1395	虐待	386	2	作l不能虐待远些小劫物
1251-1500.md	1395	虐待	386	5	速秤虐待子女的行力是远法的。0I戦b〈収表示突然明白了戦，原来是迄祥
1251-1500.md	1398	殴打	387	5	我没立了丙午平行部l1,Ei可以互相配合
1251-1500.md	1399	呕吐	387	4	他可能吃了不千亭的食物,p区吐得狼房害。388偶像
1251-1500.md	1480	奇妙	412	4	远公奇妙的音示我圦来没有f辻
1251-1500.md	1480	奇妙	412	5	他i用奇妙的想象制作了迄小玩具
1251-1500.md	1480	奇妙	412	7	他l的表演，辻我感到十分奇妙
1251-1500.md	1495	起义	416	2	那吋候各地铃铃起义，反抗铳治者。他il准各在衣厨八月十五日那天起义
1251-1500.md	1496	起源	416	7	人i1迂没槁清楚逗秤文字的起源
1251-1500.md	1497	气概	417	6	他l不屈服子外来侵略，表现出了一群民族気概。Q
1501-1750.md	1502	气味	418	3	远绅茶的気味ｲ艮香
1501-1750.md	1502	气味	418	6	他身上烟酒的気味都ｲ艮液
1501-1750.md	1507	器材	419	2	逗批迄幼器材存在旋量l可题
1501-1750.md	1507	器材	419	5	我ｲi]演出常要的器材迩没有这送辻来｡
1501-1750.md	1508	器官	419	3	他的呼吸器官出了l可题，常要手水
1501-1750.md	1508	器官	419	5	姪辻栓查，作体内的各今器官都没有l可题。I420格恰当恰到好女上恰巧
1501-1750.md	1510	恰当	420	4	他吋休的坪价是ｲ艮恰当的
1501-1750.md	1510	恰当	420	6	他非常恰当地表这了自己的志度。le体的倣法不移恰当，反核改変一下
1501-1750.md	1514	千方百计	421	4	我ｲ､要千方百汁克服困唯，完成任券
1501-1750.md	1514	千方百计	421	5	他忌是千方百汁剣垂自己的友音l可题
1501-1750.md	1515	迁就	421	5	在原则l可题上，我不会迂就任何人。＠双方互相迂就一下，同题就容易解决了。一迂到一模徒一划霊ロ天一弘蘂一成谨。一住装画华一唾酎必要男三砺一咽娩辻人一睡云》昙一的到人禅灯一来徒的没一”一癖谊空罐》た母権○422牵牵社牵制兼赴
1501-1750.md	1517	牵	422	2	地幸着男朋友的手走了。＠体的狗要牵好，别辻壱咬人
1501-1750.md	1517	牵	422	4	他牵辻一匹当来辻我ｲl､]崎上去。ｑＪ
1501-1750.md	1520	谦逊	422	1	教授蛋然狼有学l可，但非常爷赴
1501-1750.md	1521	签订	423	2	他ｲi]己姪筌汀了高婚坊､双
1501-1750.md	1521	签订	423	3	他ｲ､三年前就筌汀了合作坊双
1501-1750.md	1521	签订	423	5	合同茎灯得ｲ艮顺利，双方都根満意。ＦＱＬ
1501-1750.md	1522	签署	423	2	我ｲ'･]迩在等姪理的筌署意见
1501-1750.md	1523	前景	423	2	作l,的前景是光明的
1501-1750.md	1523	前景	423	3	他方我I描禁了一介美好的前景
1501-1750.md	1523	前景	423	4	鲤我I,要用双手创造幸福的前景
1501-1750.md	1524	前提	423	6	芦品履量是我i占领市场的重要前提。424潜力潜水潜移诀化遣贵潜力（潜力)qdni名内部具有的，迩没有表现出来的能力、力量他述有潜力，可以友拝更大作用
1501-1750.md	1524	前提	423	8	我i充分友拝了科技人员的潜力，槁出了友明
1501-1750.md	1525	潜力	424	3	我ｲi]充分友拝了科技人员的潜力，槁出了友明
1501-1750.md	1525	潜力	424	5	我ｲ､要想亦法掩掘大家的潜力，力公司友展贡献力量。「Ｑｊ
1501-1750.md	1526	潜水	424	2	曾我ｲ､去深水那辺潜水，巴
1501-1750.md	1530	抢劫	425	2	他ｲi]在掩劫银行的吋候被抓住了
1501-1750.md	1530	抢劫	425	6	他ｲl､]掩劫的ﾇ寸象主要是短女
1501-1750.md	1531	抢救	425	3	他ｲl,]拾救出了20多条生命
1501-1750.md	1531	抢救	425	4	我ｲ1]対途次事故中的受傍人员游行了及吋掩救
1501-1750.md	1532	强迫	425	1	父母强迫我学刃弾铜琴。＠本来不是我的错涙，他却掻迫我承从
1501-1750.md	1532	强迫	425	2	我ｲi]不强迫任何人参加远次活幼
1501-1750.md	1532	强迫	425	3	远伏人强迫我支出了426强迫析梁雾n通身上的糸西
1501-1750.md	1533	桥梁	426	1	锹横交错的桥梁解决了域市交通棚堵l可题。比愉起洵通作用的人或事物作i是両国友痘的排梁
1501-1750.md	1544	勤劳	429	5	迄是一介勤労而勇敢的民族，在尻史上留下了ｲ艮多奇述。ＦＱＬ
1501-1750.md	1547	轻而易举	429	1	軽而易拳的事情。le娼娼軽而易拳地就倣好了一菓子菜
1501-1750.md	1550	倾向	430	4	在改革的l可题上，我倾向越早越好
1501-1750.md	1550	倾向	430	7	我ｲ
1501-1750.md	1550	倾向	430	9	弦子ｲ､声生了灰悪芳劫的错渓価向。倾斜清激清晨清除431－
1501-1750.md	1551	倾斜	431	2	违采村被瓜舌l得倾斜了
1501-1750.md	1554	清除	431	3	人i垂在清除岛路上的水决
1501-1750.md	1554	清除	431	5	我i要御底清除贼惰的思想。4321清浩情理清噺清醒
1501-1750.md	1557	清晰	432	6	这张照片不太清晰，我都从不出作来了。＠他失脳清晰，分析
1501-1750.md	1559	清真	433	1	我ｲi]学校有両小清真食堂。＠返是一座有一千年厨史的清真寺
1501-1750.md	1564	晴朗	434	2	天気晴朗吋，我ｲI]常在湖辺散歩
1501-1750.md	1564	晴朗	434	3	在迄晴朗的秋天，我ｲl.]都喜炊镝在草地上
1501-1750.md	1564	晴朗	434	4	我ｲl､]在那午晴朗的夜晩相承了
1501-1750.md	1564	晴朗	434	5	今天格外晴朗，人ｲ､的共致也恨高。1
1501-1750.md	1637	三角	456	1	二连在山ロ埋伏着。＠一小困的兵力埋伏在村庄里
1501-1750.md	1637	三角	456	5	作ｲﾛ要小心，不要中了致人的埋伏
1501-1750.md	1638	散文	456	1	远公大的一场地震，那些村庄可能早己被埋没了。＠一千年以前，瓜沙埋没了这座舌威
1501-1750.md	1638	散文	456	3	他ｲi]我到了被埋没的珍宝。②対人オ、成锖等不予重视或没有友现⑪我ｲi]不能埋没了他的オ隼。＠辻去远小公司埋没了不少人才
1501-1750.md	1638	散文	456	5	我ｲi]从来没有埋没辻人オ
1501-1750.md	1639	散布	457	2	成士ｲi]的P体都及吋埋葬了
1501-1750.md	1640	散发	457	2	士兵ｲ､近着整芥的歩伐前游着
1501-1750.md	1640	散发	457	4	我的腿辺不劫了。MH356p泳将埋怨蔓延慢性漫挨
1501-1750.md	1641	丧失	457	3	这名迄幼员的豚樗跳劫得根均勾。＠体豚博的情况狼正常
1501-1750.md	1642	骚扰	457	1	辽次不是他的借，休就别埋怨他了。＠出了阿题，他忌是埋怨别人。＠他那些埋怨的篭真辻我受不了
1501-1750.md	1643	嫂子	458	3	虫吏述在蔓延着，我ｲ､必缅赴快采取措施
1501-1750.md	1644	色彩	458	1	体得的是一秤慢性病，得耐心治方。＠咽炎大多是慢性的
1501-1750.md	1646	啥	459	1	~~~~~~~~~~~~~~~~~~~~~~~~~~~~~~~~~~~~~~~~~~~~~~~~~~~~~~~~~~~~~~~~~~~~~~~~~~~~~~~~~~~~ 〈幼>在同美事物中去棹差的或不需要的，留下好的或需要的 ③他ｲ
1501-1750.md	1646	啥	459	4	我ｲ､端逸出了丙名条件仇秀的皮蒋者｡
1501-1750.md	1646	啥	459	6	対チ申清力､迄幼会的城市， 姐鋲委員会迩要途一歩備逸。 ｒ Ｓ Ｌ 山脈shOnmdi ~~~~~~~~~~~~~~~~~~~~~~~~~~~~~~~~~~~~~~~~~~~~~~~~~~~~~~~~~~~~~~~~~~~~~~~~~~~~~~~~~~~~ ⑪送条山脈是糸西方向的。’＠迄赴是一条条山脈。
1501-1750.md	1647	筛选	459	4	我ｲI､1我到了一位檀挨お法的老ｿ市。
1501-1750.md	1647	筛选	459	6	"我ﾇﾅ体育不是狼檀技。 檀自shdnzi ~~~~~~~~~~~~~~~~~~~~~~~~~~~~~~~~~~~~~~~~~~~~~~~~~~~~~~~~~~~~~~~~~~~~~~~~~~~~~~~~~~~~ 9<剛≦繍自己""…事情倣州畿定 ①他檀自決定停止生戸，受到了領等的批坪。"
1501-1750.md	1648	山脉	459	2	遠件事辻我ｲi]大佑脳筋。
1501-1750.md	1648	山脉	459	3	銀他ｲﾛ淡判是一件根佑脳筋的事情。
1501-1750.md	1649	闪烁	459	2	遠上面印着作ｲ｢]公司的商杯。
1501-1750.md	1649	闪烁	459	4	這是小假冒的商杯，不是我ｲ､的戸品。
1501-1750.md	1650	擅长	460	1	~~~~~~~~~~~~~~~~~~~~~~~~~~~~~~~~~~~~~~~~~~~~~~~~~~~~~~~~~~~~~~~~~~~~~~~~~~~~~~~~~~~~ ⑪多年来，他一宜是我的上級。，②我ｲ､接到上扱指示，停止前 遼。，、遠事我不能決定，需要清示上扱。’④上級派人来栓査速小 企止了。
1501-1750.md	1651	擅自	460	4	家挨希望弦子求学上迭的庭望都 根彊烈。’＠体年妃軽軽的，如果不追求上送，那将来有什公前途？ ■ 旧 Ｌ 上任shdng//ren 〈劫>正式担任某~朋各 ④逐有一小月，他就要上任了。
1501-1750.md	1652	伤脑筋	460	1	弦子最近玩ル阿磐蒋或上癌了。’＠体上岡可以，但千万不能上 痕｡
1501-1750.md	1652	伤脑筋	460	2	考家ｲ､分析了他上癌的原因｡
1501-1750.md	1653	商标	460	4	他的舌失ｲ艮夷活，好像什公音都能友。
1501-1750.md	1654	上级	461	1	途小社区非常安全。’＠根多社区建立了活劫室。，③他看病一般 先到社区医院。
1501-1750.md	1655	上进	461	1	~~~~~~~~~~~~~~~~~~~~~~~~~~~~~~~~~~~~~~~~~~~~~~~~~~~~~~~~~~~~~~~~~~~~~~~~~~~~~~~~~~~~ ⑪学校没立了美学金，鼓励学生勤番学刃。’＠公司在一些地方没立 了亦事処。
1501-1750.md	1655	上进	461	5	机溺没立了根多服各台， 負 貴回答旅客I可題。
1501-1750.md	1656	上任	461	1	我ｲi]要多利用新媒体宣侍自己
1501-1750.md	1656	上任	461	2	途次大会，媒体籍我ｲﾛ倣了根多宣侍。＠阿塔己姪成力伶播新'潮的重要媒体
1501-1750.md	1657	上瘾	461	1	天安'､1周园的建筑都非常美泛。＠他被远小花瓶美泛的外表迷住了
1501-1750.md	1657	上瘾	461	3	他ｲ､的新房装饰得十分美呪
1501-1750.md	1658	上游	462	1	我ｲil曾姪没想成立一家公司。’②恨唯没想，他会倣出遮秤事。
1501-1750.md	1658	上游	462	5	美子升超市的同題，我ｲ'.］ 没想辻恨多次。
1501-1750.md	1658	上游	462	6	幸寺医生来得及吋，否則后果不堪没想。 ①作ｲ､迭小没想狼好。
1501-1750.md	1659	尚且	462	1	他ｲi]在路上没置了障碍。
1501-1750.md	1659	尚且	462	5	公司准各再没登両小部、。’③交 通部n没登了熟践屯活，方便大家提意凡。
1501-1750.md	1660	捎	462	1	力了防雨，牟上蒙着塑料布。＠某子上薄薄地蒙着一展生土
1501-1750.md	1662	烧	463	4	休就不要梦想那些不切実队的糸西了。、362梦想味弥朴弥漫迷惑<名＞渇望実现的想法；鳫望③我ｲi]的梦想也杵能移実现
1501-1750.md	1662	烧	463	6	@中国人婆子実现了屯天的梦想。＠体想挨生不老，远只能是卜永迄的梦想。HXmT＜劫〉眼皮微微合上④他昧着眼，似睡非睡
1501-1750.md	1663	奢侈	463	5	迄公大的漏洞我ｲi]恐伯弥ﾈﾄ不上
1501-1750.md	1664	舌头	463	1	清晨，云雰弥漫了天空。＠那里烟雰弥漫，不知道友生了什公事情
1501-1750.md	1666	设立	464	1	我ｲ､申根了一介研究汁戈I。
1501-1750.md	1666	设立	464	3	我 ｲl､]如実申扱了今年的利潤。
1501-1750.md	1666	设立	464	4	我ｲﾛ向忌公司申根了今年的預算。
1501-1750.md	1666	设立	464	6	我ｲ1]的出国汁則己姪 申根蛤了上級。
1501-1750.md	1666	设立	464	7	作ｲ､的申根材料己姪收到了。
1501-1750.md	1667	设想	464	3	他ｲ艮有 坤士作風。
1501-1750.md	1667	设想	464	4	女弦子ｲ､都覚得他有坤士凡度。
1501-1750.md	1667	设想	464	5	他一身坤士打扮， 減得了大家的好感。 ， 深奥shen'bo ③速小道理非常深奥。
1501-1750.md	1667	设想	464	9	速些 深奥的理姶休ｲl､]以后オ能慢慢理解。
1501-1750.md	1667	设想	464	10	送小道理弁不十分深奥，作 皮核能憧。 深況shenchen ③他消失在了深況的夜色中。’＠他睡得ｲ艮深況，雷声也没沙醒 他。
1501-1750.md	1667	设想	464	12	他ｲ､愛得根深況，一刻 也不庭分升。 ’
1501-1750.md	1668	设置	464	1	〈成珸>深厚的感情和友垣 ③我ｲ､在一起学刃了両年，鈷下了深情厚遼。
1501-1750.md	1668	设置	464	3	我素身感受到了他ｲl,]的深情厚痘。
1501-1750.md	1668	设置	464	4	他ｲi]'坏 看対中国人民的深情厚渡来到了迭里。
1501-1750.md	1670	摄取	465	5	快比募了，他全身的神錘都根共杏。 神奇shenqi 〈形>辻人覚得非常新鮮、奇妙的 ⑪遠是一片神奇的土地。
1501-1750.md	1670	摄取	465	7	ｲ艮多人坑道 秤勢有神奇的效果。
1501-1750.md	1670	摄取	465	8	看了遠部屯影以后，他声生了神奇的幻想。 ’ I
1501-1750.md	1671	摄氏度	465	1	~~~~~~~~~~~~~~~~~~~~~~~~~~~~~~~~~~~~~~~~~~~~~~~~~~~~~~~~~~~~~~~~~~~~~~~~~~~~~~~~~~~~ 〈形〉①特別有精神的 ①迭弦子看上去ｲ艮神気。’＠迄公一打扮，小伏子神気扱了。
1501-1750.md	1671	摄氏度	465	2	迄 幼員ｲi]小令都ｲ艮神え。 ②得意的；薪傲的 ③唯他那神気祥ル，有什公了不起的？
1501-1750.md	1671	摄氏度	465	3	所税他現在神気得ｲ艮， 雄都看不起。
1501-1750.md	1671	摄氏度	465	6	早晩有他不神気的那一天。 神情shenqing ①他神情曝張，呈得狼害伯。’＠我一看他的神情，就知道失敗了。 ’ ＠看完演出，塊炊ｲi]神情愉快。’＠他露出了恐倶的神情。
1501-1750.md	1671	摄氏度	465	7	我 ｲi]看到他神情自然，也就放心了。’＠速張画中，人物的神情非常 逼真。 神色shense く名〉胎卜品露出的内心状恋 ①弛的股上露出了自豪的神色。’＠面ﾇﾅ危険，他ｲi]神色鎮静。
1501-1750.md	1672	申报	465	1	〈形〉扱其崇高而庄泙的 ①成士ｲ､肩負着保工祖国的神壬使命。’＠遠是一碩光茉而神蚤的 任各。
1501-1750.md	1673	呻吟	466	1	用在夏句中的后一ｲ、分句里⑪作帯把伞倾巴，免得下雨挨淋
1501-1750.md	1674	绅士	466	1	〈名>神情和志度 ①他神悉自然，不慌不忙。’＠画上的老人神悉逼真。
1501-1750.md	1674	绅士	466	3	老ｿ市的神志告脈我ｲl､],送次考武可能恨唯。
1501-1750.md	1674	绅士	466	5	他慌慌張張的神 悉引起了警察的注意。 神仙shenxidn ⑪画上画了八位神ｲ山。
1501-1750.md	1675	深奥	466	2	困唯面前，同学ｲ､都互相勉励着
1501-1750.md	1675	深奥	466	3	演出姑束后，困惟勉励了演员ｲi]一番
1501-1750.md	1675	深奥	466	4	他ｲl､]违吋候最需要凡句勉励的活
1501-1750.md	1675	深奥	466	5	在送小吋刻，大家更需要互相勉励。勉张midnqi6ng＜形＞①能力不鑛凑合着去倣的⑪他生了病，勉张坚持到下班了
1501-1750.md	1675	深奥	466	7	他现在迩大小，辻他微速些事星得恨勉张。②不是心甘情鳫的⑪在大家的追l可下，他勉张承从了自己的错涙
1501-1750.md	1675	深奥	466	12	半止后没有我到合这的工作，日子辻得勉勉强强。＜劫＞辻人倣不鳫倣的事情②弦子不虑吃远令菜就不要勉强他了。＠ル女的事情厘咳辻他ｲl,]自己去倣，父母不必勉掻
1501-1750.md	1675	深奥	466	13	我从来不会勉强别人倣他ｲ､不虑意倣的事情
1501-1750.md	1676	深沉	466	3	伸能描述一下那小人的面貌特征喝？②比愉事物所表现出来的状悉、祥子⑪现在的衣村面貌焕然一新了。＠远座厨史古城述保持着原来的面貌
1501-1750.md	1677	深情厚谊	467	2	法院垂在宙理速起脈公。’＠対千 未成年人犯罪案件，一律不公升~宙理。
1501-1750.md	1678	神经	467	2	他在宙美方面有ｲ艮高的修兼。
1501-1750.md	1679	神奇	467	5	他ｲi]逃脱不了正又的宙判。
1501-1750.md	1681	神情	468	4	新的生机出現了，我 ｲi]有希望了。 ②生命力 ⑪小草充満了生机。
1501-1750.md	1681	神情	468	6	他看起来一点 ﾉし生机矛ﾛ活力也没有。
1501-1750.md	1682	神色	468	1	我ｲi]的生悉坏境受到了一定的破坏。
1501-1750.md	1684	神态	469	5	我ｲ'1再三声明，他的行力只代表ｲ､人。 ③他友表了一价声明。
1501-1750.md	1684	神态	469	6	我己姪看辻了他ｲI']的声明。
1501-1750.md	1685	神仙	469	2	力了制造声勢，他ｲl.]播上了根多彩 旗。
1501-1750.md	1685	神仙	469	4	他ｲ､挙行了一物声勢巨大的 抗奴活劫。
1501-1750.md	1685	神仙	469	5	我ｲi]要把声勢槁大一些，送祥参加的人就会更多。
1501-1750.md	1686	审查	469	1	通辻打假，我ｲ､誰鈩了公司的声誉。
1501-1750.md	1686	审查	469	5	我ｲ､的努力換来了芦品良好的声 誉。
1501-1750.md	1686	审查	469	6	他ｲi]的倣法根害了我ｲi]公司的声誉。
1501-1750.md	1687	审理	470	1	~~~~~~~~~~~~~~~~~~~~~~~~~~~~~~~~~~~~~~~~~~~~~~~~~~~~~~~~~~~~~~~~~~~~~~~~~~~~~~~~~~~~~ ①最近几年省会的錘沸友展ｲ艮快。
1501-1750.md	1688	审美	470	1	~~~~~~~~~~~~~~~~~~~~~~~~~~~~~~~~~~~~~~~~~~~~~~~~~~~~~~~~~~~~~~~~~~~~~~~~~~~~~~~~~~~~ ⑪速坊比幕根唯分出腔負。’＠迄場逃拳的腔負己姪明輔了。’＠他 党得腔負不重要，重要的是叔累了姪聡。
1501-1750.md	1688	审美	470	2	元玲腔負，我ｲ､都会迎 接作ｲi]回来。
1501-1750.md	1689	审判	470	2	我ｲﾛ那一帯一宜盛声茶叶。
1501-1750.md	1690	渗透	470	3	花北 盛升，人ｲl､]的心情也好了起来。
1501-1750.md	1690	渗透	470	4	今年遠些花盛升得ｲ艮早。
1501-1750.md	1690	渗透	470	6	等到花ル盛升的吋候，我ｲl､]一起去爬 山ﾛ巴。 盛情shengqing ~~~~~~~~~~~~~~~~~~~~~~~~~~~~~~~~~~~~~~~~~~~~~~~~~~~~~~~~~~~~~~~~~~~~~~~~~~~~~~~~~~~~ ③他ｲ､的盛情感功了我。
1501-1750.md	1690	渗透	470	7	遠些水果是多素ｲi]的一片盛情,作ｲ
1501-1750.md	1690	渗透	470	8	､] 國識下ゞ,｡……舞了…鋪士気．'･感謝怖伽… 待了我ｲi]｡
1501-1750.md	1690	渗透	470	9	我ｲ､接受了他的盛情遂清。 盛行shengxing ~~~~~~~~~~~~~~~~~~~~~~~~~~~~~~~~~~~~~~~~~~~~~~~~~~~~~~~~~~~~~~~~~~~~~~~~~~~~~~~~~~~~ ①現在根多国家盛行学刃江落。’＠在阿塔上淡恋愛越来越盛行。
1501-1750.md	1691	慎重	471	2	他现在ﾇ寸汽油味変得非常敏感。②易干引起反血的i滩篭熟鸢繊鲈二篁职龙ﾂ篝盆钏蕊舣“
1501-1750.md	1693	生机	471	1	河上瓢着一具F体。’＠他的P体己姪被火化了。
1501-1750.md	1693	生机	471	2	他ｲ｢]対F体 遊行了栓聡。
1501-1750.md	1693	生机	471	3	恨多人都在手我遠位遇雄者的F体。
1501-1750.md	1693	生机	471	4	我死后可 以把F体渦紋蛤医院。
1501-1750.md	1695	生疏	472	1	地学刃一亘ｲ艮好，名次在班里忌是排在最前面。＠远次比幕，我ｲﾛ班没承到好的名次
1501-1750.md	1695	生疏	472	2	速次迄劫会，他又取得了ｲ艮好的名次
1501-1750.md	1695	生疏	472	3	我ｲi]看的是镰合素履，不完全看成锖名次的高ｲ氏
1501-1750.md	1696	生态	472	1	~~~~~~~~~~~~~~~~~~~~~~~~~~~~~~~~~~~~~~~~~~~~~~~~~~~~~~~~~~~~~~~~~~~~~~~~~~~~~~~~~~~~ ⑪速位迄幼員的劫作失侯了，得分ｲ艮ｲ氏。
1501-1750.md	1696	生态	472	2	他友球又失涙了，送 姶対方一分。’＠他失涙辻一次以后，就変得根小心了。
1501-1750.md	1696	生态	472	5	途次失涙的教ｼII根深刻。
1501-1750.md	1696	生态	472	7	我ｲi]加張了管理，避免再次 出現失渓。 ｒ Ｓ Ｌ 失畭shT//zOng ~~~~~~~~~~~~~~~~~~~~~~~~~~~~~~~~~~~~~~~~~~~~~~~~~~~~~~~~~~~~~~~~~~~~~~~~~~~~~~~~~~~~ ⑪弦子失疎了，家惟非常着急。
1501-1750.md	1696	生态	472	12	老人曾 姪失辻嫁，但被我ｲi]我回来了。
1501-1750.md	1699	生锈	473	5	送所 姉萢培界了根多小学教師。 施加shTjid ~~~~~~~~~~~~~~~~~~~~~~~~~~~~~~~~~~~~~~~~~~~~~~~~~~~~~~~~~~~~~~~~~~~~~~~~~~~~~~~~~~~~ ③家侯姶猿子施加了ｲ艮大圧力。
1501-1750.md	1699	生锈	473	6	力了施加影回向，他ｲ｢]提高了援 助奇金。
1501-1750.md	1699	生锈	473	8	我ｲ､対-他 施加了稗秤影回向，希望他能改変呪点。
1501-1750.md	1699	生锈	473	9	力了遊一歩施加影回向，他 我到了我父素。 ■ Ｓ ｐ 施展shTzhdn ~~~~~~~~~~~~~~~~~~~~~~~~~~~~~~~~~~~~~~~~~~~~~~~~~~~~~~~~~~~~~~~~~~~~~~~~~~~~~~~~~~~~ ③他施展本領，迷銭迭了丙午球。’＠他在遠小公司施展出了全部オ 能。
1501-1750.md	1699	生锈	473	14	途是施展体技木的好机会，不要錯辻。 十足shiz6 ⑪我吋考武有十足的信心。’＠吋遠坊比幕，他没有十足的把握。
1501-1750.md	1699	生锈	473	15	同学ｲl,]小小信心十足。
1501-1750.md	1702	声势	474	1	他ｲi]迩在森林中摸索回去的路
1501-1750.md	1702	声势	474	2	他ｲi]在水中不停地摸索着前途。＠那天夜里停屯了，我摸索着去了越工生同。②比愉寻我（锤睑、途径等）①地喜吹在実践中摸索解决河题的方法
1501-1750.md	1702	声势	474	3	多年来他一宜在摸索致富之路。＠锤辻両小多月的武诠，他摸索出了不少姪聡
1501-1750.md	1703	声誉	474	1	像他这祥助人力示的模萢根多。＠今天公司里要逸出年度工作模萢
1501-1750.md	1703	声誉	474	3	他工作狼努力，称得上是我ｲ'1公司的模萢
1501-1750.md	1703	声誉	474	4	小王是我ｲl､]小区苓钓的模萢。＜形＞値得学弓的；可以作力傍祥的⑪他ｲl､]価钴婚远公多年从没沙辻架，真是一ﾇ寸模苑夫妻牙
1501-1750.md	1704	牲畜	475	3	力了辻父母高共，婚礼迩是按照倍铳的模式亦p巴
1501-1750.md	1704	牲畜	475	4	我ｲl､]换小模式思考，也许会想出好力､法。ＭＰ模型膜摩擦
1501-1750.md	1704	牲畜	475	5	3r3
1501-1750.md	1706	胜负	475	1	斗朱里面有一展ｲ艮薄的膜
1501-1750.md	1706	胜负	475	2	竹子里挨的膜有ｲ艮多用赴。＠注意保抄好休的斗膜。②像膜一祥的京西①他把剰下的仮菜用保𫓴膜孟起来，放在了水箱里
1501-1750.md	1707	盛产	475	5	司的冲突⑪他ｲi]因力意兄不同，出现了一些小摩擦
1501-1750.md	1707	盛产	475	6	我ｲl､]之同的摩擦都己姪解决了，现在美系狼好
1501-1750.md	1707	盛产	475	8	送丙本党派之同有ｲ艮多摩擦
1501-1750.md	1707	盛产	475	9	摩擦的双方各不相辻，推也没有力法。－１ｒⅣＬ3r4磨合魔鬼魔木株兼
1501-1750.md	1709	盛情	476	5	教妹ｼII錬我ｲi]吋，筒宜就像小魔鬼。一笔水｝香魔一鼎铎》一癖轴・言一呪②地』，ｌ③一铜瞬刈一没祁群一変大看一锤吟吹一変都洼一以家妹祁一函吠妹、一演了③、１Ｊノームロ－１１帜一惟识》鮴一》》柑辨
1501-1750.md	1710	盛行	476	3	有些人的爱好常常因力繁忙的工作被抹兼拝了。④我ｲi]要客泛坪价一小人，不能随便抹兼别人的功芳。心苫Ｉ莫名其妙墨水ル鉄诀藻求3r5
1501-1750.md	1711	尸体	476	2	他ｲ､忠公争姶起来的，我也莫名其妙
1501-1750.md	1713	失误	477	4	地坐在一秀ｲ氏着失，叹獣元塔
1501-1750.md	1714	失踪	477	3	可题的力､法。＠姪辻努力，地婆子-得到了藻求巳久的取位
1501-1750.md	1714	失踪	477	4	他忌是想力､法カエ人媒求更多的福利。３ 3T6模祥母语目暗目光
1501-1750.md	1716	施加	478	4	不ｲ又要学好外培，更要学好母语
1501-1750.md	1717	施展	478	5	根纸上的脱法身我目暗的情况有狼大不同。lll
1501-1750.md	1718	十足	478	1	大家的目光都集中在了屏幕上。＠他知道自己错了，有意避升了妻子的目光
1501-1750.md	1718	十足	478	2	学生ｲi]的目光一起投向了老ｿ甲。②眼晴里流露出的情堵、神恋①地目光温和弦子ｲ'1都喜炊地
1501-1750.md	1718	十足	478	5	香香的目光里包含着対该子元限的爱。狐ユ目光沐浴3万③対事物的泛察和孤児能力④违令人目光短浅，没有多大出息。＠他目光敏锐，倣事果断
1501-1750.md	1719	石油	479	2	工人ｲi]正在升采雇油。
1501-1750.md	1720	时差	479	1	~~~~~~~~~~~~~~~~~~~~~~~~~~~~~~~~~~~~~~~~~~~~~~~~~~~~~~~~~~~~~~~~~~~~~~~~~~~~~~~~~~~~ 〈副>錘常 ⑪我ｲI]吋常在一起打篭球。
1501-1750.md	1720	时差	479	3	@我 1i]吋常凡面。
1501-1750.md	1721	时常	479	1	⑪我ｲI]时常在一起打篭球。
1501-1750.md	1721	时常	479	3	@我 1i]时常凡面。
1501-1750.md	1723	时光	480	3	’＠我现在オ感到时光的宝贵。
1501-1750.md	1724	时机	480	4	他ｲ､姪常在一起淡姶吋 事。
1501-1750.md	1725	时事	480	1	~~~~~~~~~~~~~~~~~~~~~~~~~~~~~~~~~~~~~~~~~~~~~~~~~~~~~~~~~~~~~~~~~~~~~~~~~~~~~~~~~~~~ ①最近有今巴黎吋装展覧。’＠迄些吋装都是他没汁的。
1501-1750.md	1725	时事	480	4	他ｲl'1美的都 是国除名牌吋装。
1501-1750.md	1726	时装	480	1	’＠迄些时装都是他没汁的。
1501-1750.md	1727	识别	481	1	~~~~~~~~~~~~~~~~~~~~~~~~~~~~~~~~~~~~~~~~~~~~~~~~~~~~~~~~~~~~~~~~~~~~~~~~~~~~~~~~~~~~ ⑪他美的左西都恨実息。’＠迄小仮億的菜又実恵又好吃。
1501-1750.md	1727	识别	481	5	我ｲi]把真正的実息姶了衣民。 ’ ＠迄是一秤又秀芳幼，没什公実息｡
1501-1750.md	1727	识别	481	7	我ｲ､希望大家都可以得到一些実息。 Ｆ Ｓ Ｌ
1501-1750.md	1728	实惠	481	2	’＠迄小仮亿的菜又实恵又好吃。
1501-1750.md	1728	实惠	481	7	我ｲi]把真正的实息姶了衣民。
1501-1750.md	1728	实惠	481	9	我ｲ､希望大家都可以得到一些实息。
1501-1750.md	1729	实力	481	2	他ｲ､梱有彊大的姪沸实力。
1501-1750.md	1729	实力	481	4	我ｲ､逐不具各ガ大招生的实 力。
1501-1750.md	1730	实施	481	4	我ｲl,]叔扱实施新措施，改 善现在的情况。
1501-1750.md	1731	事实求是	482	1	可题 ①我ｲl､1实事求是，有什公况什公。
1501-1750.md	1731	事实求是	482	2	我ｲl､]升展工作一贯本着实事 求是的原则。
1501-1750.md	1732	实行	482	1	＝ー＝ーーーー一一ローーーーーーーーーーーーー一一一一一＝ーーーー一一一一一一一ー一一一ーーーー＝■ーー＝＝一一一一一一一一一一一一一一＝＝＝ー‐ーー一一一＝一一一一＝ー画 く功＞实队去倣、去实现（汁戈I、姻缅、政策等） ⑪我ｲ、己姪实行了新的亦法。
1501-1750.md	1732	实行	482	3	’ ＠力了提高管理水平，公司全面实行了责任制。
1501-1750.md	1732	实行	482	4	我ｲI]实行辻一 段时同收労管理制度，但效果不太好。
1501-1750.md	1733	实质	482	1	’＠他方我ｲ､解决了一些实疏'可题。
1501-1750.md	1733	实质	482	4	我ｲl､]淡活的实坑内容是加彊合作。
1501-1750.md	1733	实质	482	6	483 fshi l〈劫＞肌地上掌起家西 ①他圦地上舍起一决石失。
1501-1750.md	1733	实质	482	7	’＠手机拝了，快拾起来'巴。
1501-1750.md	1733	实质	482	8	、他在海 辿袷了ｲ艮多瓜売。
1501-1750.md	1734	拾	483	1	从今年9月到明年8月力学校的一小年度。＠公司从3月成立，到毎年2月算一介年度
1501-1750.md	1734	拾	483	2	他ｲ､正在研究年度生戸汁戈'l｡
1501-1750.md	1734	拾	483	3	本年度我ｲi]取得了不错的效益
1501-1750.md	1735	使命	483	1	l〈名＞派人去执行任各的命令，也指重要的任各 ①他光茉地完成了上扱赋予的使命。
1501-1750.md	1735	使命	483	4	他ｲi]在工作中有使命感，所以不伯困唯。
1501-1750.md	1737	示威	483	2	他ｲ､向政府示威，要求锋放学 生。
1501-1750.md	1737	示威	483	5	le他ｲi]挙行了大规模的示威活幼。
1501-1750.md	1738	示意	484	1	’＠他拝拝手，示意告别。
1501-1750.md	1738	示意	484	4	示意我ｲl､]皮咳拐背了。
1501-1750.md	1740	世界观	484	2	作ｲl､]争姶的'可题是世界泛l可题。
1501-1750.md	1742	势力	485	1	’＠迄ｲ､国家的海上势力非常彊大。
1501-1750.md	1742	势力	485	2	他ｲi]在 不断が大自己的势力萢固。
1501-1750.md	1742	势力	485	4	霞我ｲl.]要初底消天远股反幼势力。
1501-1750.md	1743	事故	485	1	＠迄起火夷事故的原因己姪查清楚 了。
1501-1750.md	1743	事故	485	2	’e工r要减少甚至杜绝重大事故友生。
1501-1750.md	1744	事迹	485	1	在古代，奴乗ｲl､]没有停止辻反抗
1501-1750.md	1744	事迹	485	2	在奴业私会，人民是受圧迫的。＠他ｲ､不甘心当奴业，不断游行斗争
1501-1750.md	1744	事迹	485	5	他ｲl､]初底推翻了奴业制度。386郷虐待「ＮＪjWInu6＜劫＞移劫；结移⑪远张菓子有人榔辻
1501-1750.md	1744	事迹	485	7	我ｲ､把床榔到盲戸那辺,巴
1501-1750.md	1744	事迹	485	10	我ｲ､把远张沙友郷走p巴
1501-1750.md	1745	事件	485	1	l〈名〉厨史上或社会上有重要影1I向的事情 ③逗是尻史上有名的事件。
1501-1750.md	1746	事态	486	2	我ｲl,]要采取 措施，防止事悉ガ大。
1501-1750.md	1746	事态	486	5	事悉的変化ｲ艮雄缅料。 h
1501-1750.md	1747	事务	486	3	我ｲ｢]逐在亦理有美事秀。
1501-1750.md	1748	事项	486	1	、他ｲl､]正在商量公司的一些事顶。
1501-1750.md	1748	事项	486	4	我ｲl,]有人寺、负责淡判事顶，伸就不要操心了。
1501-1750.md	1749	事业	486	1	く名＞入所↓人事的有一定的目祢、规模、体系等，井対社会没展有 一定影ﾛ向的工作 ②老师佃都非常热爱教育事止。
1501-1750.md	1749	事业	486	4	一家人都支持他干远輌事止。 48r
1501-1750.md	1750	试图	487	3	l可出一条成功的道略。
1501-1750.md	1750	试图	487	4	科 学家ｲi増减圏解升速小谜，但没有成功。
1751-2000.md	1751	试验	487	1	通辻武聡，我ｲ､得出了远小 钴姶。
1751-2000.md	1751	试验	487	3	可题。 ＜名〉力了解事物性能、事情姑果而游行的芸拭性活幼 ③我ｲl､]的武诠荻得了成功。
1751-2000.md	1753	视频	487	4	’ ＠演许者一辺播放祝叛，一辺并解。
1751-2000.md	1756	是非	488	2	休息公是非不分，批坪起我ｲi]来了？
1751-2000.md	1756	是非	488	3	他没有判断是 非的能力，狼容易上当。 ②矛盾；钏纷 ⑪他ｲi]之同有根多是非。
1751-2000.md	1756	是非	488	4	@我不想加入到他ｲ､的是非中。
1751-2000.md	1757	适宜	489	2	他ｲ､梱有彊大的姪沸実力。
1751-2000.md	1757	适宜	489	4	我ｲ､逐不具各ガ大招生的実 力。
1751-2000.md	1757	适宜	489	5	建筑公司自身的実力不壊，承担不了迭小坂目。’＠他ｲi]保 存了一部分実力，准各下一場比幕。
1751-2000.md	1758	逝世	489	3	斫到他逝世的消息，我ｲl､]都恨震’原。
1751-2000.md	1761	收缩	490	1	~~~~~~~~~~~~~~~~~~~~~~~~~~~~~~~~~~~~~~~~~~~~~~~~~~~~~~~~~~~~~~~~~~~~~~~~~~~~~~~~~~~~ ①我ｲl､1実事求是，有什公況什公。
1751-2000.md	1761	收缩	490	2	我ｲl､]升展工作一貫本着実事 求是的原則。
1751-2000.md	1761	收缩	490	5	希望体ｲ
1751-2000.md	1762	收益	490	1	随着姪沸的友展，人ｲi]的收益也 在逐歩増加。
1751-2000.md	1762	收益	490	2	速硕技木蛤我ｲi]帯来了巨大收益。
1751-2000.md	1762	收益	490	3	我ｲi]常要改 迭没各，増加收益。
1751-2000.md	1762	收益	490	4	＠工r迄小月取得了良好的收壷。
1751-2000.md	1763	收音机	490	1	’＠迄台收音机我用了十年了。
1751-2000.md	1763	收音机	490	2	他毎 天早上都要q斤收音机戸播。
1751-2000.md	1764	手法	491	1	’＠速件工乞品的制作手法根独 特。
1751-2000.md	1764	手法	491	2	他ｲ艮想学才速秤新颖的手法。
1751-2000.md	1764	手法	491	5	不正当的手段 ③他ｲl1的手法井不高明，党然述有人上当。
1751-2000.md	1765	手势	491	1	~~~~~~~~~~~~~~~~~~~~~~~~~~~~~~~~~~~~~~~~~~~~~~~~~~~~~~~~~~~~~~~~~~~~~~~~~~~~~~~~~~~~ ③他迄祥倣実旋上是力了自己。’＠他方我ｲ､解決了一些実疏'可題。
1751-2000.md	1765	手势	491	4	我ｲl､]淡活的実坑内容是加彊合作。
1751-2000.md	1766	手艺	491	5	大家清看老ｿ市的示萢。 示威shiwel ~~~~~~~~~~~~~~~~~~~~~~~~~~~~~~~~~~~~~~~~~~~~~~~~~~~~~~~~~~~~~~~~~~~~~~~~~~~~~~~~~~~~ 〈劫>力了表示抗波或有所要求而挙行集体活動昆示威力 ⑪大街上一些人在涛行示威。
1751-2000.md	1766	手艺	491	6	他ｲ､向政府示威，要求鋒放学 生。
1751-2000.md	1766	手艺	491	8	那些人不断挙行示威， 要求増加エ街。le他ｲi]挙行了大規模的示威活幼。
1751-2000.md	1767	守护	491	3	作ｲl､]争姶的'可題是世界汎l可題。
1751-2000.md	1768	首饰	492	1	~~~~~~~~~~~~~~~~~~~~~~~~~~~~~~~~~~~~~~~~~~~~~~~~~~~~~~~~~~~~~~~~~~~~~~~~~~~~~~~~~~~~ ③遠秤倣法勢必会造成浮重后果。’＠堆破坏坏境，堆勢必要遭到 懲罰｡
1751-2000.md	1769	首要	492	4	首要人物述没来，我ｲﾛ只能再等一等。
1751-2000.md	1770	受罪	492	1	他ｲ､的目的就是想辻我受 罪。
1751-2000.md	1770	受罪	492	2	远耕病ｲ艮痒，地辅实受罪了。
1751-2000.md	1771	授予	492	1	'＠最近工r授予了他“先游生戸者” 的称号。
1751-2000.md	1771	授予	492	2	le迄张笑状是公司忌姪理素自授予我的。
1751-2000.md	1772	书法	493	2	他的吊法在 局史上ｲ艮有影，向。
1751-2000.md	1772	书法	493	5	我ｲ艮喜炊远幅名法作品。
1751-2000.md	1772	书法	493	6	~~~~~~~~~~~~~~~~~~~~~~~~~~~~~~~~~~~~~~~~~~~~~~~~~~~~~~~~~~~~~~~~~~~~~~~~~~~~~~~~~~~~ ＜名＞名的息称 ⑪他l司瑛了大量的外丈吊籍。
1751-2000.md	1772	书法	493	10	迭批お籍是一小外国朋友赠送姶我的。 おう己（书记)shOji ＜名＞党、困俎娯中的主要负责人 ⑪他ｲl､]逸出了新一届名泛。
1751-2000.md	1772	书法	493	14	他是我ｲi]学校新来的党委おう己。 お面（书面)shOmbn <形＞用文字表迭的（眼“口失”相対） ⑪我ｲ､需要筌汀一小名面合同。
1751-2000.md	1773	书籍	493	1	目前的事悉ｲ艮評童。
1751-2000.md	1773	书籍	493	3	我ｲl,]要采取 措施，防止事悉ガ大。
1751-2000.md	1773	书籍	493	6	事悉的変化ｲ艮雄緬料。 h 濁り 戸
1751-2000.md	1774	书记	493	4	我ｲ｢]逐在亦理有美事秀。
1751-2000.md	1775	书面	493	2	他ｲl､]正在商量公司的一些事頂。
1751-2000.md	1775	书面	493	5	我ｲl,]有人寺、負責淡判事頂，伸就不要操心了。
1751-2000.md	1776	舒畅	494	1	く名>入所↓人事的有一定的目祢、規模、体系等，井対社会没展有 一定影ﾛ向的工作 ②老師佃都非常熱愛教育事止。
1751-2000.md	1777	疏忽	494	2	他ｲ､完全疏忽了安全同题，送狼危険。
1751-2000.md	1777	疏忽	494	3	由子我ｲ､的疏忽， 比幕オ失败了。
1751-2000.md	1778	疏远	494	1	〈劫〉打算（倣某事） ③我武圏坑服他ｲ
1751-2000.md	1778	疏远	494	3	他ｲ､武圏通辻淡判来解決遮 小
1751-2000.md	1778	疏远	494	5	他武團通辻自己的努力, l可出一条成功的道略。
1751-2000.md	1778	疏远	494	6	科 学家ｲi増減圏解升速小謎，但没有成功。
1751-2000.md	1779	数	495	4	远公 多人，我数一天也数不完。 ②在某方面指出最突出的 ⑪我ｲi]班数他写的字漂亮。
1751-2000.md	1779	数	495	5	’＠三小兄弟中，数我最接。
1751-2000.md	1779	数	495	7	整小公司数他的止秀能力强。 *shU
1751-2000.md	1779	数	495	9	’＠富外射游来几束I日光。
1751-2000.md	1782	树立	495	1	.- ＜幼＞建立（多用子抽象的、好的事情） ⑪人ｲi]的法制泛念逐歩村立起来了。
1751-2000.md	1782	树立	495	2	我ｲ､皮咳村立信心，成腔困 堆。
1751-2000.md	1782	树立	495	4	他力我ｲl,]树立了携 祥。
1751-2000.md	1783	竖	496	1	他隆起大栂指，今賛弦子ｲ､的表现。
1751-2000.md	1783	竖	496	4	他 111把舌il倒的材隆起来了。 〈形＞物体弓地面垂宣的（眼“横”相対） ①老ｿ市在黒板上画了一条隆践。
1751-2000.md	1783	竖	496	5	’＠他穿着件隆条的村衣。
1751-2000.md	1783	竖	496	9	’＠迄小豊写得有点ル 歪了。
1751-2000.md	1784	数额	496	1	迭里的土地幹庄稼非常這宜。，②只要気候条件這宜，小草就会 生技。’＠我迩没桟到這宜的合作伏伴。，④遠里的坏境非常造宜学 弓。’⑤迭秤顔色的衣服老人和弦子穿都ｲ艮造宜。，⑥我覚得冬天去 那里旅涛比較這宜。 ’ 逝世shishi ~~~~~~~~~~~~~~~~~~~~~~~~~~~~~~~~~~~~~~~~~~~~~~~~~~~~~~~~~~~~~~~~~~~~~~~~~~~~~~~~~~~~ ⑪ヌリ教授昨晩不幸逝世了。
1751-2000.md	1784	数额	496	4	斫到他逝世的消息，我ｲl､]都恨震’原。
1751-2000.md	1785	数目	496	2	由子鋏少延据，他 ｲ､鋒放了嫌疑人。
1751-2000.md	1785	数目	496	4	炭争錯 束后，他ｲI､]都被鋒放了。
1751-2000.md	1785	数目	496	5	他被提前鋒放了出来。 ②把内部所包含的物演或能量放出来 ③樹木鋒放出了大量氣完｡'＠返些化学物境能量鋒放得ｲ艮快｡
1751-2000.md	1786	耍	497	1	、核子ｲi]正在院子里要泥。
1751-2000.md	1787	衰老	497	2	’＠自圦上次生病后，他衰老得ｲ艮快。
1751-2000.md	1787	衰老	497	3	’ ＠失去素人是他迅速衰老的原因。
1751-2000.md	1789	率领	498	1	~~~~~~~~~~~~~~~~~~~~~~~~~~~~~~~~~~~~~~~~~~~~~~~~~~~~~~~~~~~~~~~~~~~~~~~~~~~~~~~~~~~~ ①返秤布洗辻之后就会收鏥。’＠人曝張的吋候，肌肉就收鏥起 来。
1751-2000.md	1789	率领	498	2	他收鏥看身体，好像ｲ艮冷的祥子。
1751-2000.md	1789	率领	498	4	他ｲil正在收鏥兵力，准各集 中避攻。
1751-2000.md	1789	率领	498	7	迭小輌目規模太大，可以考慮收錆一下。 ~ 』 Ｓ ロ 收益sh6uyi ~~~~~~~~~~~~~~~~~~~~~~~~~~~~~~~~~~~~~~~~~~~~~~~~~~~~~~~~~~~~~~~~~~~~~~~~~~~~~~~~~~~~ ③我ｲI'1公司今年的收益不錯。
1751-2000.md	1789	率领	498	8	随着姪沸的友展，人ｲi]的收益也 在逐歩増加。
1751-2000.md	1789	率领	498	9	速碩技木蛤我ｲi]帯来了巨大收益。
1751-2000.md	1789	率领	498	10	我ｲi]常要改 迭没各，増加收益。
1751-2000.md	1789	率领	498	11	＠工r迄小月取得了良好的收壷。
1751-2000.md	1790	涮火锅	498	1	我ｲl.1中午吃的是刷火鍋。
1751-2000.md	1790	涮火锅	498	3	我ｲl.] 常去那家仮店測火鍋吃。
1751-2000.md	1790	涮火锅	498	4	我ｲ､一辺刑着火鍋，一辺聯天ル，感覚 好扱了。 ■ Ｓ ユ
1751-2000.md	1791	双胞胎	498	2	姐姐杯上了双胞胎。’＠遠吋双胞 胎穿着一祥的衣服。
1751-2000.md	1791	双胞胎	498	4	地特 別希望生一対双胞胎。 爽快shu6n9kutli ②他答皮得非常爽快。
1751-2000.md	1791	双胞胎	498	5	我喜炊他迭井爽快的性格。’＠他爽快地 接受了我ｲ､的建奴。
1751-2000.md	1792	爽快	498	2	’＠他爽快地 接受了我ｲ､的建奴。
1751-2000.md	1792	爽快	498	7	把想况的都坑出来了，心里爽快了ｲ艮多。
1751-2000.md	1792	爽快	498	9	那天我ｲﾛ玩ル得非常爽快，根晩オ回家。
1751-2000.md	1794	水龙头	499	2	休往上拾一下水尤失，就 会出水。’＠往右杵，水尤失就美上了。
1751-2000.md	1794	水龙头	499	4	厨房的水管迩没装水尤失。 水泥shuini ①他家霊房子，芙了西叱水泥。
1751-2000.md	1797	司法	500	1	我ｲ､会依法力事，雄抄司法公 ‘正。
1751-2000.md	1798	司令	500	1	｡蝋伽拟 到了司今的指示，要我ｲl､]全力倣好救援エ作。
1751-2000.md	1799	私自	500	2	’＠他私自夸移了公司的部分财戸。
1751-2000.md	1799	私自	500	3	④他ｲI,]遥反规定,私自筌灯了 一价工作合同。
1751-2000.md	1800	思念	500	1	’＠多年来，他一真思念故多。
1751-2000.md	1801	思索	501	4	他延在考慮l可題， 我ｲi]不要打断他的思錯。
1751-2000.md	1801	思索	501	6	速篇文章把我的思錯帯回到了伐争年代。 斯文sTwen ~~~~~~~~~~~~~~~~~~~~~~~~~~~~~~~~~~~~~~~~~~~~~~~~~~~~~~~~~~~~~~~~~~~~~~~~~~~~~~~~~~~~ 〈形〉（悦活、倣事）文明、有修葬（眼“粗俗”相対） ⑪他看起来狼斯文，像小知鋲分子。
1751-2000.md	1801	思索	501	9	弟弟在客人面前表現得狼斯 文。’＠体不要装斯丈了，想悠去倣就冬公倣膠巴。
1751-2000.md	1802	思维	501	1	〈名〉人脳対事物游行分析、捺合、判断等的圦沢活功 ③他思雄敏捷，善子友现l可题。
1751-2000.md	1802	思维	501	2	同学ｲi]的思锥根活 既。
1751-2000.md	1802	思维	501	5	在返小河题上，我ｲ'､]皮咳蒋変思锥模式。
1751-2000.md	1802	思维	501	6	我ｲﾛ皮咳培恭弦子ｲ'1创造性思锥的能力。
1751-2000.md	1803	思绪	501	3	他延在考虑l可题， 我ｲi]不要打断他的思错。
1751-2000.md	1804	斯文	501	5	’＠体不要装斯丈了，想悠去倣就冬公倣胶巴。
1751-2000.md	1805	死亡	502	5	医生通辻ﾇ寸P体的栓 查，友现了他死亡的原因。
1751-2000.md	1808	饲养	502	2	婿娼伺恭了島、牛、羊，毎天都要授乞 1i]｡
1751-2000.md	1809	肆无忌惮	503	1	〈成屠＞任意倣遥法的事，一点JL也不愿忌 ③迭些没有牌子的汽牟津元忌‘阵地在岛路上行破。
1751-2000.md	1809	肆无忌惮	503	3	、他ｲil送祥津元忌悼地造假j根快就 被查出来了。
1751-2000.md	1810	搜	503	5	’＠他的眉毛向上一苇，我 就明白什公意思了。
1751-2000.md	1811	搜索	503	4	他ｲi]捜索了四五遍，也没桟到那只猴 子。
1751-2000.md	1811	搜索	503	5	我建双作ｲnヶ大捜索萢固，迭一歩查我丈物的下落。
1751-2000.md	1813	苏醒	504	1	他嫡了両天后婆子亦醒了。’＠他芥醒辻来后喝了一碗溺。
1751-2000.md	1813	苏醒	504	5	他芥醒得ｲ艮快，現在己錘没有危険了。
1751-2000.md	1814	俗话	504	2	他琲道理ｲ艮喜吹用俗活。
1751-2000.md	1814	俗话	504	4	’＠俗活蚤然通俗，但非常有道理。
1751-2000.md	1815	诉讼	504	3	在遠場訴公中，我ｲ､有充分的征据。
1751-2000.md	1815	诉讼	504	5	我ｲi]有叔遠祥倣。
1751-2000.md	1815	诉讼	504	6	法院将吋他提起刑事脈公。 素食sUshi ~~~~~~~~~~~~~~~~~~~~~~~~~~~~~~~~~~~~~~~~~~~~~~~~~~~~~~~~~~~~~~~~~~~~~~~~~~~~~~~~~~~~ l<名〉不含肉美的食物（眼‘‘華，，相対）
1751-2000.md	1817	素质	505	2	我ｲ1､]厘当加彊教育，提高国民 素履。
1751-2000.md	1817	素质	505	5	他己姪具各了一定的素疏，可以 叺事速項工作。 塑造sllzdo 〈劫〉①用泥土等制作人或物体的形象 ⑪他丞在塑造一座雛像。’＠人ｲI､]力送位作家塑造了一座培像。
1751-2000.md	1817	素质	505	6	大学生ｲl､]塑造的水雌非常逼真。
1751-2000.md	1817	素质	505	7	乞木家ｲl､]精心塑造了迭些塑 像。
1751-2000.md	1817	素质	505	12	有位作家説辻，童 年是塑造人生情感伽向的重要吋期。 ｒ Ｓ Ｌ 算了sudnle ~~~~~~~~~~~~~~~~~~~~~~~~~~~~~~~~~~~~~~~~~~~~~~~~~~~~~~~~~~~~~~~~~~~~~~~~~~~~~~~~~~~~ 〈劫>表示不再汁較，就速祥ﾛ巴 ⑪算了，我ｲi]今天不吋玲了。
1751-2000.md	1817	素质	505	16	我ｲl､]不能就送祥算了，得我他ｲ'1'可清楚。
1751-2000.md	1818	塑造	505	2	’＠人ｲI､]力送位作家塑造了一座培像。
1751-2000.md	1818	塑造	505	3	大学生ｲl､]塑造的水雌非常逼真。
1751-2000.md	1818	塑造	505	4	乞木家ｲl､]精心塑造了迭些塑 像。
1751-2000.md	1819	算了	505	1	〈劫＞表示不再汁较，就速祥ﾛ巴 ⑪算了，我ｲi]今天不时玲了。
1751-2000.md	1819	算了	505	5	我ｲl､]不能就送祥算了，得我他ｲ'1'可清楚。
1751-2000.md	1820	算数	506	1	我況活算数，休就放心ﾛ巴。
1751-2000.md	1821	随即	506	5	事故友生以后，他ｲl､]随即展升了渦査。
1751-2000.md	1823	随手	506	3	’＠他奋 下腰，随手栓起了那小銭包。
1751-2000.md	1823	随手	506	4	’＠他镝在床上，随手打升了屯祝机。
1751-2000.md	1825	岁月	507	3	在我童年的夛月里， 父母蛤了我ｲ艮多爱。
1751-2000.md	1825	岁月	507	4	在那些ﾇ艮堆的夛月里，我ｲﾛｰ宜互相鼓励。
1751-2000.md	1826	隧道	507	1	〈名＞在地下、山中拾的通道 ⑪建没迄条鉄路时，柁了ｲ艮多随道。
1751-2000.md	1826	隧道	507	2	我ｲl､]一路要姪辻三条睦道。
1751-2000.md	1826	隧道	507	5	穿辻远条隆道，我ｲ､就快到了。
1751-2000.md	1829	索性	508	1	’＠他ｲ､等了半天，也没凡 人来，后来索性就不等了。
1751-2000.md	1829	索性	508	7	工人ｲ､正在施修堀了的鉄路。
1751-2000.md	1832	塔	509	4	他ｲil爬到塔头上去了。
1751-2000.md	1845	探讨	513	2	在会上，他栓时了自己的l可 題。
1751-2000.md	1845	探讨	513	4	他栓时得ｲ艮深刻，我 出了l可題的原因。
1751-2000.md	1845	探讨	513	5	他就这小l可題栓汁进三次了。 ①他写的栓时ｲ良深刻。
1751-2000.md	1845	探讨	513	6	作得写小栓付税清楚速些l可題。
1751-2000.md	1845	探讨	513	7	速价 栓汁領尋己姪看进了。 ＠他写的栓う寸領等不満意，只得再写一傍。
1751-2000.md	1853	淘气	515	1	〈形>指核子愛玩JL、愛
1751-2000.md	1853	淘气	515	7	’ Ｆ Ｔ 」 淘汰tdott]i ②工r淘汰了一些旧没各。
1751-2000.md	1853	淘气	515	9	我ｲi] 一連淘汰了三名ﾇﾅ手。’＠如果不学牙，就会被吋代淘汰。
1751-2000.md	1857	特长	516	2	我ｲl､]要充分友拝他技水好的特技。
1751-2000.md	1857	特长	516	5	他補 実没有表演方面的特技，作就不要力堆他了。 特定teding ⑪那是特定房史吋期的一頂政策。’②在遠秤特定的坏境中，人容 易変得暴繰。，③在迭秤特定背景下，他只能那公倣。’④特定的家 庭坏境決定了他的性格。 特色t白s白 く名>事物突出的、典型的特点和風格 ⑪地的打扮恨有特色。
1751-2000.md	1865	题材	518	2	作家ｲ､姪常到各地捜集題材。
1751-2000.md	1865	题材	518	4	他看辻ｲ艮多愛情題材的 屯影。
1751-2000.md	1874	天然气	520	5	速 房子天然気、暖気都有。 天生tidnshenq ‐_._----------.------ﾆｰｰｰｰｰｰｰｰｰｰｰｰｰｰｰｰｰｰｰｰｰｰｰｰｰｰ._.____.___._ ._____------------.---.---____‐ ①他遠紳聡明好像是天生的。
1751-2000.md	1878	田径	521	4	弟弟是国家田径叺的一名叺員。 田野tidnye く名>田地和原野 ⑪迭是一片美萠的田野。’＠迄群島毎天屯到田野里我糸西吃。
1751-2000.md	1878	田径	521	6	走在r周的田野上，他 党得心情好扱了。
1751-2000.md	1879	田野	521	2	’＠迄群岛毎天屯到田野里我糸西吃。
1751-2000.md	1879	田野	521	4	走在r周的田野上，他 党得心情好扱了。 522－
1751-2000.md	1879	田野	521	5	"~ ""tidn 〈功〉舌尖在物体表面移幼 ②速条小狗爱添も的主人。"
1751-2000.md	1879	田野	521	6	’＠他党得ロ里根千，不停地添着情 唇。
1751-2000.md	1883	条理	522	2	他説活倣事ｲ艮有条理。
1751-2000.md	1885	调和	523	2	’＠他ｲ､之同矛盾太深，根本 元法涡和。
1751-2000.md	1885	调和	523	3	他ｲi]沙架了，休去涡未'一下，巴。
1751-2000.md	1885	调和	523	4	他ｲil之同的同题 我恐伯涡和不了。
1751-2000.md	1885	调和	523	5	姪辻我的耐心涡和，他ｲﾛ忌算是不l司了。 6
1751-2000.md	1885	调和	523	7	’＠他ｲl,]准各迄用姪 沸手段涡剤目前的市场。
1751-2000.md	1896	停滞	526	2	芦品履量停滞在遠卜叶段，根雄提 高了。i③大雨辻前遊的叺伍停滞了下来。
1751-2000.md	1896	停滞	526	4	怠姪理高升后，公司的狼多エ作一宜処子停滞的状悉。 挺抜tYngbd ~~~~~~~~~~~~~~~~~~~~~~~~~~~~~~~~~~~~~~~~~~~~~~~~~~~~~~~~~~~~~~~~~~~~~~~~~~~~~~~~~~~~
1751-2000.md	1904	同志	528	1	我向悠远位老同志学到了ｲ艮多姪聡。
1751-2000.md	1904	同志	528	2	’ ＠同志ｲﾛ互相帯助，互相提高。
1751-2000.md	1904	同志	528	4	’＠作最好'可一下那位女同志。
1751-2000.md	1904	同志	528	6	铜（铜)t6ng 〈名〉一称金属，淡紫虹色 ⑨远小洗股盆是调的。
1751-2000.md	1904	同志	528	8	’＠迄小工芭品是用铜制作出来的。
1751-2000.md	1906	童话	528	1	道小童活非常受猿子ｲl､]炊迎。
1751-2000.md	1906	童话	528	3	弦子 ｲl､1都愛瑛迄些童活故事。
1751-2000.md	1908	统计	529	2	@zr铳汁出了今年的忌戸量。
1751-2000.md	1908	统计	529	4	作ｲi]迩得再铳汁一遍。
1751-2000.md	1908	统计	529	6	铳坑（铳统)t6ngt6ng 〈副＞表示全部、所有 ⑪公司50名员工铳铳来了。
1751-2000.md	1908	统计	529	7	’＠远些名作铳铳都掌走'巴。
1751-2000.md	1908	统计	529	9	同学ｲi]铳铳出国旅涛了。
1751-2000.md	1908	统计	529	10	-t机票铳铳不打折。
1751-2000.md	1911	投机	530	2	我ｲi]看法一致，聯得ｲ艮投 机。
1751-2000.md	1911	投机	530	3	他ｲ
1751-2000.md	1911	投机	530	4	､]価一凡面就覚得投机得ｲ艮・
1751-2000.md	1911	投机	530	5	我眼他説不到一起，完 全不投机。 ③他裳投机嫌了不少桟。le看到有机会利用取秀便利投机，他打 起了坏主意｡
1751-2000.md	1911	投机	530	6	我ｲl,]都知道他是小投机分子｡
1751-2000.md	1911	投机	530	7	別怠想着投机騏巧， 述是皮咳踏踏実実地千。 投票t6u//pido ~~~~~~~~~~~~~~~~~~~~~~~~~~~~~~~~~~~~~~~~~~~~~~~~~~~~~~~~~~~~~~~~~~~~~~~~~~~~~~~~~~~~ 〈劫>逸挙，通泣汁算逸票数量的方式決定被逸挙人表決波案 ②送次逸挙我ｲi]都投票了。
1751-2000.md	1911	投机	530	9	不知道力什公，他没参加遠次投 票。'＠我圦力他有能力，所以投了他一票。
1751-2000.md	1914	投向	531	1	’＠他己姪投降了致隼。
1751-2000.md	1914	投向	531	4	致早向我ｲ､友出投 降信号，我ｲi]接受投降。
1751-2000.md	1916	透露	531	2	他不辻我ｲi]向 外透露准各姑婚的事情。
1751-2000.md	1917	途	531	1	’＠他是小秃失，脳袋上一根失友也没有。
1751-2000.md	1919	图案	532	1	作衣服上的困案ｲ艮漂亮。
1751-2000.md	1919	图案	532	2	le我根 喜炊富帝上的迄小囹案。
1751-2000.md	1924	团结	533	1	、他ｲ､困姑游歩 人士，共同完成了违令任秀。
1751-2000.md	1924	团结	533	5	如果作ｲi]不団钴，比幕肯定会谕。
1751-2000.md	1948	外向	540	2	’ ＠他是小外向的人，根容易打交道。
1751-2000.md	1948	外向	540	3	’＠他看起来根外向，但推也 不知道他的内心在想什公。
1751-2000.md	1948	外向	540	4	我没想到达迄公外向的核子也不沈 活了。 JLwdn ＜名＞球形的小家西 ③我喜炊吃堂肉九。
1751-2000.md	1948	外向	540	6	’＠迄小 厨ｿ市檀技倣丸子。
1751-2000.md	1948	外向	540	9	le我毎天晩上吃一 九中菊。
1751-2000.md	1950	完备	541	1	〈形＞（没各、系铳等）芥全、完整 ③体育嬉里各秤健身没施都ｲ艮完各。
1751-2000.md	1953	玩意儿	541	6	这种玩意儿叫iPad
1751-2000.md	1958	惋惜	543	3	武 聡因カー点ル小l可题失败了，大家能不'腕惜喝？
1751-2000.md	1958	惋惜	543	4	同事ｲl､]椀惜得ｲ艮。
1751-2000.md	1964	危机	545	2	遠坊姪沸危机ﾇﾅｲ艮多国家造成了 浮重影，向。
1751-2000.md	1964	危机	545	3	公司面'l岳着信誉危机，必緬采取改革措施。
1751-2000.md	1965	威风	545	2	我ｲ'1不能技他人的志気，天自己的 威風。
1751-2000.md	1965	威风	545	4	我ｲi]多去一些汎次，壮 壮威風。
1751-2000.md	1965	威风	545	6	他升着豪隼汽牟，一副ｲ艮威瓜的 祥子。
1751-2000.md	1965	威风	545	7	e迄支臥伍星得特別威風。
1751-2000.md	1965	威风	545	8	這幼員小小都ｲ艮威風，肯定 能流下比幕。
1751-2000.md	1965	威风	545	9	他姑在台上的吋候，威風得ｲ艮・ 威力w色ili ~~~~~~~~~~~~~~~~~~~~~~~~~~~~~~~~~~~~~~~~~~~~~~~~~~~~~~~~~~~~~~~~~~~~~~~~~~~~~~~~~~~~ ①他ｲ､使用了一秤威力巨大的武器。’＠人美元数次領教了大自然 的威力。
1751-2000.md	1966	威力	545	1	’＠人美元数次领教了大自然 的威力。
1751-2000.md	1966	威力	545	5	、速位作家享有ｲ艮高的国队威望。
1751-2000.md	1966	威力	545	6	由子他的地位和威望，我ｲi] 都不敢友表意凡。
1751-2000.md	1966	威力	545	7	我ｲ､皮咳共同雄鈩远小坂市的威望。
1751-2000.md	1971	为难	546	1	他的要-求辻领手ｲ艮力雄。
1751-2000.md	1971	为难	546	2	54？ 力唯的祥子，我ｲ'.]都想报助他。
1751-2000.md	1971	为难	546	6	他 故意力唯我ｲil,想辻我ｲl､1放弄。
1751-2000.md	1972	为期	547	2	’＠逗价房屋出租合同力期両年。
1751-2000.md	1973	为首	547	2	e迄小海河困不要以我力首，我没有経験。
1751-2000.md	1975	维护	548	2	他ｲi]采取各耕力､法，雄鈩廃品的信誉。
1751-2000.md	1977	维修	549	1	’＠我的屯臓送去谁修了。
1751-2000.md	1990	温和	552	3	温和的 F日光照游了屋子里,根野道。
1751-2000.md	1990	温和	552	4	温帯的気候狼温和,这合衣作物生技。 ②（恋度）奈切的 ③他ﾇ寸我ｲl､]志度温和、热情。
1751-2000.md	1990	温和	552	6	作用温和的语気眼他ｲi]淡，他ｲ､就能接受。
2001-2250.md	2017	武侠	560	5	他武侠小税看多了，忌覚得自己也是小英雄。 ~ ~ 武装wUzhudng ~~~~~~~~~~~~~~~~~~~~~~~~~~~~~~~~~~~~~~~~~~~~~~~~~~~~~~~~~~~~~~~~~~~~~~~~~~~~~~~~~~~~ ③反ﾇﾅ派梱有自己的武装。
2001-2250.md	2017	武侠	560	7	我ｲI､]己姪消 天了故人的武装。 ②軍事装各 ③竿臥的武装非常現代化。
2001-2250.md	2017	武侠	560	8	成士ｲi]都配各了先送武装。
2001-2250.md	2017	武侠	560	9	我ｲ、 的各秤武装一点ル也不落后。 ②我ｲn用現代化武器武装了這支早叺。
2001-2250.md	2017	武侠	560	11	青年人要用丈化知沢武装失臓。 侮辱wijrij ③任何情況下，都不要侮辱別人。’＠丈章中不要使用侮辱性的培 言。
2001-2250.md	2017	武侠	560	12	対子侮辱我ｲ､名誉的人，我ｲ､会起脈。
2001-2250.md	2017	武侠	560	14	他党得受到了侮辱，所以非常生気。 舞踏wdd6o ③迭猿子圦小諒才舞踏。
2001-2250.md	2026	物资	562	1	~~~~~~~~~~~~~~~~~~~~~~~~~~~~~~~~~~~~~~~~~~~~~~~~~~~~~~~~~~~~~~~~~~~~~~~~~~~~~~~~~~~~ ②他ｲl']那里物盗恨鉄乏。
2001-2250.md	2026	物资	562	6	力了把物資及吋-迄送出去，他ｲi] 想了ｲ艮多力､法。
2001-2250.md	2028	夕阳	564	1	~~~~~~~~~~~~~~~~ ~~~~~~~~~~~~~~~~~~~~~~~~~~~~~~~~~~~~~~~~~~~~ ~ ~~~~~~~~~~~~~~~~~~ 〈名〉①黄昏吋快要落下的太阻 ③天辺的タド日ｲ艮美而。
2001-2250.md	2028	夕阳	564	4	夕I日下的技域星得更加雄伶。 ②比愉晩年 ③老人的タド日生活辻得狼愉快。
2001-2250.md	2028	夕阳	564	5	両位老人是夕F日恋，所以彼此 更加珍惜。
2001-2250.md	2028	夕阳	564	6	他ｲi]呈然年近夕順，但栃然叔板示現。
2001-2250.md	2028	夕阳	564	7	有研究表 明，在タド日之年有所追求、有所收茨，戸生的“成就感”矛ﾛ“満足感” 十分有益子身心健康。 吸取xTqU､ ~~~~~~~~~~~~~~~~~~~~~~~~~~~~~~~~~~~~~~~~~~~~ ~~~~~~~~~~~~~~~~~~~~~~~~ ~~~~~~~~~~~~~~ ⑪村木圦土壌中吸取水分和菅兼。
2001-2250.md	2028	夕阳	564	8	他ｲl､]吸取了上次失敗的教力'l｡
2001-2250.md	2028	夕阳	564	9	我ｲl.]要善子吸取別人的技処，弥ﾈﾄ自己的不足。
2001-2250.md	2028	夕阳	564	11	他ｲI]吸駁了先遊的管理姪聡，提高了管 理水平。 昔日xTrl ⑪遠位昔日的体操冠隼現在是一名企止家。
2001-2250.md	2028	夕阳	564	12	昔日我対迭些l可題 圦鋲不清，倣出了一些錯渓決定。
2001-2250.md	2035	习俗	566	2	他ｲI,1保留着古代的刃俗，也 キ富了現代文明。
2001-2250.md	2035	习俗	566	5	蚤然己姪迭入了21世紀，但他ｲil偶然保留着 侍銃刃俗。
2001-2250.md	2045	狭隘	568	4	山路狭隆，大家要小心。 ②（心胸、兄沢等）局限在一命小的萢囿里；不寛r- ⑪他心胸狭隆，容不得姶他提意几的人。
2001-2250.md	2045	狭隘	568	6	他不会那公狭陸，怠j己着以前那些不愉快的事。
2001-2250.md	2050	先进	570	3	他ｲI､]的思想都根先迭，有迄大的抱負。
2001-2250.md	2050	先进	570	4	他 ｲ､己姪掌握了最先透的技木。 ⑪他是今年工『的先透。
2001-2250.md	2050	先进	570	5	我ｲ
2001-2250.md	2050	先进	570	7	今年坪比先途， 作肯定没l可題。
2001-2250.md	2050	先进	570	8	他ｲ､人人争当先遊，工作非常叔扱。
2001-2250.md	2061	显著	573	5	他最近的変化輔実非常星著。’＠改革升放以来，人民的生活水 平得到了星箸改善。
2001-2250.md	2063	现成	574	3	我ｲ
2001-2250.md	2085	削	580	5	l他的削皮技术很好，能把土豆皮削得特别薄
2001-2250.md	2104	泄露	585	2	可 ⑪在北京的那段多月狼値得回'i乙・
2001-2250.md	2104	泄露	585	5	在我童年的夛月里， 父母蛤了我ｲ艮多愛。
2001-2250.md	2104	泄露	585	6	在那些ﾇ艮堆的夛月里，我ｲﾛｰ宜互相鼓励。 健道suiddo 〈名>在地下、山中拾的通道 ⑪建没迄条鉄路吋，柁了ｲ艮多随道。
2001-2250.md	2104	泄露	585	7	我ｲl､]一路要姪辻三条睦道。
2001-2250.md	2104	泄露	585	9	他ｲ
2001-2250.md	2104	泄露	585	11	穿辻遠条隆道，我ｲ､就快到了。
2001-2250.md	2105	泄气	585	3	迭台机器被他ｲi]根坏了， 己姪不能用了。
2001-2250.md	2109	心甘情愿	586	1	他食汚了一千多万元。’＠我杯疑他的桟都是食汚来的。’＠政府 一亙在加彊措施，整頓食汚。
2001-2250.md	2109	心甘情愿	586	3	我 ｲl､]要堅決制止食汚現象的戸生。
2001-2250.md	2110	心灵	586	1	~~~~~~~~~~~~~~~~~~~~~~~~~~~~~~~~~~~~~~~~~~~~~~~~~~~~~~~~~~~~~~~~~~~~~~~~~~~~~~~~~~~~ 〈名>没在街道両芳実家西的小地方（常ル化） ①我家小区入口処的小維ル素的菜,怠是ｲ良新鮮。
2001-2250.md	2110	心灵	586	2	お根擁ル就撰 在他的屋子I､]ロ。
2001-2250.md	2110	心灵	586	5	枝、外有小巽小吃的擁ル。 ①地上撒了一擁水。’＠前面有一擁泥，小心別味到了。
2001-2250.md	2110	心灵	586	6	交通事 故現場述能看到那一擁鮮血。 〈劫>補升；撰升 ①他的名擁了一某子。’＠几位将隼捧升地圏，升始研究起地形 来。
2001-2250.md	2111	心态	586	1	迭張床的弾性狼好。’＠那張沙友用大久了，没有弾性了。
2001-2250.md	2112	心疼	587	3	啄到他W又気的声音，大家都根唯辻。
2001-2250.md	2112	心疼	587	4	他正在那里吸気泥， 休快去功功ﾛ巴。
2001-2250.md	2113	心血	587	1	く劫>用似器考察和測量 ⑪他ｲI]探測到了地下的石油。
2001-2250.md	2113	心血	587	3	姪 辻採測，他ｲi]友現了一些海洋生物。
2001-2250.md	2114	心眼儿	587	1	我ｲi]姪常在一起採対人生的意又。
2001-2250.md	2114	心眼儿	587	3	可題我ｲI]探汁辻ｲ艮多 次了。
2001-2250.md	2114	心眼儿	587	5	如果作ｲI]有不同意几， 我ｲi]可以公升探吋。
2001-2250.md	2114	心眼儿	587	7	可題。 採望ttlnwdng 〈劫〉①到較近的地方看望 ⑪我要到北京去探望一位老朋友。
2001-2250.md	2114	心眼儿	587	8	明天我ｲl､]去採望他的父母。
2001-2250.md	2115	辛勤	588	4	老師知沢根 キ富，垪起厨史来滴滴不絶。 陶琵tdoci ~~~~~~~~~~~~~~~~~~~~~~~~~~~~~~~~~~~~~~~~~~~~~~~~~~~~~~~~~~~~~~~~~~~~~~~~~~~~~~~~~~~~ ①他狼喜炊陶琵乞木。
2001-2250.md	2117	欣欣向荣	588	3	民主党指責ﾇﾅ方一味対好 大企止和有桟人，而不重祝ｲ氏收入价長。
2001-2250.md	2118	新陈代谢	589	5	在原則I可題上不能吋价 込价。le他没有痛快答厘的吋候，毎次都要吋价逐价。
2001-2250.md	2120	新娘	589	1	他ｲl,]圦植物中提妹香水。
2001-2250.md	2120	新娘	589	6	休耕他把玲丈再提嫁提嫁。 提示tishi ③我提示辻他了，他迩是不会。’＠老ﾘ而反夏提示我ｲl.1,注意重点 内容｡
2001-2250.md	2120	新娘	589	7	下深了，老ﾘ市蛤我ｲ､提示了深堂重点｡
2001-2250.md	2121	新颖	589	2	我提双，力我ｲ､的友泣千杯！ ’③学 生ｲl､]提双増加商小小吋的深程。
2001-2250.md	2121	新颖	589	3	代表ｲi]叔扱提汲増加教育姪雷。 ⑪遼价提双大家都養成。
2001-2250.md	2121	新颖	589	4	我ｲ'1都在保が坏境的提双上筌了名。
2001-2250.md	2121	新颖	589	6	代表ｲﾛ対教育改革的提双都 根感共趣。
2001-2250.md	2123	信赖	590	2	老師向我 ｲI]介詔了不同体裁的写作特点。le在体裁上，我更傾向子用散文表 迭感情。
2001-2250.md	2125	信仰	590	2	丈夫非常体涼生病的妻子，不辻 地千重活ル。’＠学校体涼他的実隊困唯，免除了他的学涜。
2001-2250.md	2126	信誉	591	1	〈名〉本来指身体和股，現在多比愉名誉和面子 ⑪他把自己的体面看得狼重要。’＠倣人不皮該去了体面。
2001-2250.md	2126	信誉	591	3	他不会倣有失体面的事情。 ③ル子出名了，父母覚得ｲ良体面。
2001-2250.md	2127	兴隆	591	4	他ｲl,]逐漸形成了一套完善的思想体系。 天オtidnc6i 〈名>①超出一般人的オ能和智慧 ⑪他在音示方面狼有天オ。
2001-2250.md	2134	幸好	593	4	遠是一介不平等条釣，我ｲl､1不能接受。
2001-2250.md	2135	性感	594	1	く幼〉使相姓融洽，減少矛盾 ①他根会渦和家庭成員之同的美系。’＠他ｲ､之同矛盾太深，根本 元法渦和。
2001-2250.md	2135	性感	594	2	他ｲi]沙架了，休去渦未'一下，巴。
2001-2250.md	2135	性感	594	3	他ｲil之同的同題 我恐伯渦和不了。
2001-2250.md	2135	性感	594	4	姪辻我的耐心渦和，他ｲﾛ忌算是不l司了。
2001-2250.md	2136	性命	594	1	根据エ作需要，公司把他渦荊到了戸告部。’＠他ｲl,]准各迄用姪 沸手段渦剤目前的市場。
2001-2250.md	2139	凶猛	595	1	遮小菜放了狼多渦料，所以好吃。’＠他用迭些渦料拝凉菜。
2001-2250.md	2140	凶手	595	1	他在挑抜我ｲi]的美系，不要上当。
2001-2250.md	2140	凶手	595	2	他挑抜得公司内部ｲ艮不団 姑。
2001-2250.md	2140	凶手	595	4	我ｲi]的感情根深，堆也挑抜不 了。
2001-2250.md	2141	汹涌	595	1	他遠公倣是公升挑畔，我ｲi]必緬回皮。’＠数人向我ｲ
2001-2250.md	2141	汹涌	595	5	吋 子速秤挑畔行方，我ｲl､]要堅決回去。
2001-2250.md	2142	胸怀	595	2	猿子ｲl､]跳吠着往前鞄。
2001-2250.md	2142	胸怀	595	5	休息吋，他姪常倣各秤跳既迄劫。 I 一 子 詮 一 惇 亭 一 涯 小 一 １ 座 一 我 遠 一 幅 値 》 一 蝿 狩 謝 一 ， 多 ⑤ 一 擦 百 ｊ 一 支 一 亮 一 子 有 漂 一 耐 雷 》 一 堵 速 看 一 睡 個 詩 一 有 張 墾 ~ 伸 一 》 》 軒 一 》 酔 挫 １ １ １ １ 停泊tingb6 ①違令謁失停泊着恨多船。’＠迄艘給船要在遠里停泊三天。
2001-2250.md	2142	胸怀	595	7	迭些雛只是在褐失'l岳吋停泊。 Ｆ Ｔ ■
2001-2250.md	2143	胸膛	596	1	由子鉄乏原料，生声停頬了。’＠他ｲ
2001-2250.md	2143	胸膛	596	2	､]的工作己姪停頓~F来了。
2001-2250.md	2143	胸膛	596	3	〃II妹工作一刻也不能停緬。
2001-2250.md	2145	雄伟	596	1	~~~~~~~~~~~~~~~~~~~~~~~~~~~~~~~~~~~~~~~~~~~~~~~~~~~~~~~~~~~~~~~~~~~~~~~~~~~~~~~~~~~~ ⑪送些国家面II缶看通貨膨脹的圧力。
2001-2250.md	2145	雄伟	596	2	目前，世界上通貨膨脹現 象ｲ艮浮童。
2001-2250.md	2146	休养	596	2	咳人因力佑害他人 被公安机美同上通鉾。le通罫今友布三小月后，犯罪嫌疑人婆子被 祁荻ｿﾖ案了。
2001-2250.md	2147	修复	597	1	〈劫>利用屯汎没各偕速消息，現多写力“通信” ①他ｲi]的通訊没各恨先迭。
2001-2250.md	2147	修复	597	2	我ｲi]一真保持着通訊朕磐。
2001-2250.md	2147	修复	597	3	遠里 的通祇狼不友迭。 ・扱鏑上“蔦“催有意感｡'･迄凡篇…是一傘…鋤｡'四 ③他就是遠篇通訊的作者。’＠我垂在学才湛公写通祇。 － 通用tOngybng ②遠秤充屯器是通用的，什公手机都可以用。
2001-2250.md	2147	修复	597	6	返本教材全国的小 学都通用。 同胞t6ngbOo ②他価是同胞兄弟。
2001-2250.md	2147	修复	597	7	他ｲi]是一母同胞，能不素喝？
2001-2250.md	2147	修复	597	8	地ｲ､的美 系就像同胞姐妹一祥。
2001-2250.md	2165	悬挂	602	4	气球都已经悬挂起来了。I这些衣服悬挂在这里，不太美观。
2001-2250.md	2170	旋转	603	3	警车用旋转的红灯提醒社会车辆让路。I舞厅里旋转的灯光让他觉得有些头晕。这个餐厅是可以旋转的，你可以看到外面不同的景色。
2001-2250.md	2204	严密	613	2	杯子盖得很严密，不会漏水。I手表的结构严密得很。
2001-2250.md	2215	眼下	616	6	演变演讲演习演绎61Z
2001-2250.md	2234	要命	621	6	药吃错了，能要人命。I那次车祸差点儿要了他的命。
2251-2500.md	2254	仪器	627	2	这台仪器是刚从美国进口的。l我还不会操作这种仪器。
2251-2500.md	2270	一丝不苟	632	2	我们要学习他这种一丝不苟的工作作风。I他对工作一丝不苟，非常讨厌不认真的人。
2251-2500.md	2284	引导	636	5	我们要正确地引导他们成长。I这些学生需要在学习方法上进行引导。教师的任务之一就是引导学生的世界观。你一旦引导错了，后果是很严重的。
2251-2500.md	2301	拥护	640	5	dài biǎo men dōu yōng hù huì yì de gè xiàng jué dìng 。
2251-2500.md	2301	拥护	640	6	wǒ men jiān jué yōng hù xiàn zài de zhèng fǔ 。
2251-2500.md	2301	拥护	640	7	zhè xiàng zhèng cè dé dào le guǎng dà qún zhòng de yōng hù 。
2251-2500.md	2301	拥护	640	8	tā men biǎo shì jiān jué yōng hù xīn zǒng tǒng xiū gǎi xiàn fǎ 。 wǒ men fēi cháng yōng hù gǎi gé ， yě huì zhēn xī gǎi gé chéng guǒ 。
2251-2500.md	2313	优越	644	6	忧郁（）youyu他神情忧郁，闷闷不乐。
2251-2500.md	2370	在意	659	6	（）zan他了不少钱，快够买套房子了。
2251-2500.md	2392	摘要	665	5	tā dú wén zhāng de shí hòu ， jīng cháng zuò yī xiē zhāi yào 。 zhè duàn zhāi yào xiě dé hěn hǎo ， gài kuò le xiǎo shuō de zhǔ yào nèi róng 。
2251-2500.md	2392	摘要	665	6	guān yú zhè cì huì yì ， nǐ xiě gè zhāi yào ba 。
2251-2500.md	2392	摘要	665	7	wǒ zhěng lǐ le yī fèn huì tán zhāi yào ， qǐng bāng wǒ dǎ yìn chū lái 。
2251-2500.md	2392	摘要	665	8	nǐ jǐn kuài bǎ lùn wén zhāi yào xiě wán ba 。
2251-2500.md	2473	支柱	688	3	我们要大力发展支柱产业，把经济搞上去。丈夫去世后，地好像突然失去了生活支柱。校加觉如是常乐的689枝zhi名植物主干上长出的较细的茎这些树的模很长
2501-2750.md	2537	株	705	11	le没有 袋子，我只好用毛巾兜着潟蛋回来了。
2501-2750.md	2537	株	705	16	出了l可題我兜看。
2501-2750.md	2611	走私	725	3	如累这些手机是走私来的，千万不要买。1有关部门已经下定决心，坚决打击各类走私活动。26照换租货足双租码揍zou动打（人）你这么淘气不听诺，你蓄爸换过你喝？1不管什么理由，家长也不能模孩子
2501-2750.md	2629	作废	731	5	I5那项制度已经被宣布作废。
